--
-- PostgreSQL database cluster dump
--


SET default_transaction_read_only = off;

SET client_encoding = 'UTF8';
SET standard_conforming_strings = on;

--
-- Roles
--

--CREATE ROLE extjaff;
--ALTER ROLE extjaff WITH NOSUPERUSER INHERIT NOCREATEROLE NOCREATEDB LOGIN NOREPLICATION NOBYPASSRLS;
--CREATE ROLE postgres;
--ALTER ROLE postgres WITH SUPERUSER INHERIT CREATEROLE CREATEDB LOGIN REPLICATION BYPASSRLS PASSWORD 'SCRAM-SHA-256$4096:9M0gCSGPFB6ob+I7/JZ8IQ==$1jedAaK5547Ult8zO4FuBm9pL7CiyAvDqXCrEi+k0X4=:BLLjsE6t7Tzdzl9pQQXZte6KdU6fBijNApU7Y0jB0KM=';
DO $$
BEGIN
    IF NOT EXISTS (SELECT FROM pg_roles WHERE rolname = 'extjaff') THEN
        CREATE ROLE extjaff;
        ALTER ROLE extjaff 
            WITH NOSUPERUSER INHERIT NOCREATEROLE NOCREATEDB LOGIN NOREPLICATION NOBYPASSRLS;
    END IF;
END
$$;
DO $$
BEGIN
    IF NOT EXISTS (SELECT FROM pg_roles WHERE rolname = 'postgres') THEN
        CREATE ROLE postgres;
    END IF;

    ALTER ROLE postgres
        WITH SUPERUSER INHERIT CREATEROLE CREATEDB LOGIN REPLICATION BYPASSRLS
        PASSWORD 'SCRAM-SHA-256$4096:9M0gCSGPFB6ob+I7/JZ8IQ==$1jedAaK5547Ult8zO4FuBm9pL7CiyAvDqXCrEi+k0X4=:BLLjsE6t7Tzdzl9pQQXZte6KdU6fBijNApU7Y0jB0KM=';
END
$$;
--
-- User Configurations
--









--
-- Databases
--

--
-- Database "geolockbdd" dump
--

--
-- PostgreSQL database dump
--


-- Dumped from database version 16.10
-- Dumped by pg_dump version 16.10

SET statement_timeout = 0;
SET lock_timeout = 0;
SET idle_in_transaction_session_timeout = 0;
SET client_encoding = 'UTF8';
SET standard_conforming_strings = on;
SELECT pg_catalog.set_config('search_path', '', false);
SET check_function_bodies = false;
SET xmloption = content;
SET client_min_messages = warning;
SET row_security = off;

--
-- Name: geolockbdd; Type: DATABASE; Schema: -; Owner: postgres
--

CREATE DATABASE geolockbdd WITH TEMPLATE = template0 ENCODING = 'UTF8' LOCALE_PROVIDER = libc LOCALE = 'en_US.utf8';


ALTER DATABASE geolockbdd OWNER TO postgres;

\connect geolockbdd


SET statement_timeout = 0;
SET lock_timeout = 0;
SET idle_in_transaction_session_timeout = 0;
SET client_encoding = 'UTF8';
SET standard_conforming_strings = on;
SELECT pg_catalog.set_config('search_path', '', false);
SET check_function_bodies = false;
SET xmloption = content;
SET client_min_messages = warning;
SET row_security = off;

SET default_tablespace = '';

SET default_table_access_method = heap;

--
-- Name: acces; Type: TABLE; Schema: public; Owner: postgres
--

CREATE TABLE public.acces (
    id integer NOT NULL,
    type text,
    code text NOT NULL,
    mk integer NOT NULL
);


ALTER TABLE public.acces OWNER TO postgres;

--
-- Name: acces_id_seq; Type: SEQUENCE; Schema: public; Owner: postgres
--

ALTER TABLE public.acces ALTER COLUMN id ADD GENERATED BY DEFAULT AS IDENTITY (
    SEQUENCE NAME public.acces_id_seq
    START WITH 1
    INCREMENT BY 1
    NO MINVALUE
    NO MAXVALUE
    CACHE 1
);


--
-- Name: marker; Type: TABLE; Schema: public; Owner: postgres
--

CREATE TABLE public.marker (
    id integer NOT NULL,
    longitude integer NOT NULL,
    latitude integer NOT NULL,
    author text,
    adresse text,
    "accesNbr" integer,
    "createdDate" date
);


ALTER TABLE public.marker OWNER TO postgres;

--
-- Name: marker_id_seq; Type: SEQUENCE; Schema: public; Owner: postgres
--

ALTER TABLE public.marker ALTER COLUMN id ADD GENERATED BY DEFAULT AS IDENTITY (
    SEQUENCE NAME public.marker_id_seq
    START WITH 1
    INCREMENT BY 1
    NO MINVALUE
    NO MAXVALUE
    CACHE 1
);


--
-- Data for Name: acces; Type: TABLE DATA; Schema: public; Owner: postgres
--
INSERT INTO public.acces (id, type, code, mk) VALUES
(1, 'Portail', 'INCO', 0),
(2, 'Barrière', '0000', 2),
(3, 'Barrière', '0000', 3),
(4, 'Portail', 'INCO', 4),
(5, 'Deuxième porte', '75A74', 5),
(6, 'Bâtiment 🏢', 'INCO', 6),
(7, 'Bâtiment', 'INCO', 7),
(8, 'Bâtiment A 🏢', 'INCO', 8),
(9, 'Bâtiment 🏢', '3645', 9),
(10, 'Bâtiment 🏢', '3086B', 10),
(11, 'Barriere', '153824', 11),
(12, 'Barrière', '3686', 12),
(13, 'Bâtiment 🏢', '3686', 12),
(14, 'Portails', 'B8356', 13),
(15, 'Bâtiment 🏢', '1536', 14),
(16, 'Bâtiment', '8A170', 15),
(17, 'Bâtiment', '2960', 16),
(18, 'Escalier 2', 'INCO', 17),
(19, 'Bâtiment 🏢', '2910', 18),
(20, 'Bâtiment 🏢', 'INCO', 19),
(21, '2eme porte', 'INCO', 19),
(22, 'Barrière', 'INCO', 20),
(23, 'Barrière', 'INCO', 21),
(24, 'Bâtiment 🏢', 'INCO', 22),
(25, 'Bâtiment 🏢', '5273', 0),
(26, 'Bâtiment 🏢', '5273', 0),
(27, 'Bâtiment 🏢', '5273', 0),
(28, 'Bâtiment ', '2357', 25),
(29, 'Bâtiment ', 'B2703', 26),
(30, 'Grille ', 'B2703', 26),
(31, 'Bâtiment 🏢 ', '7458', 27),
(32, '2ème Porte', '5628', 27),
(33, '2eme porte', '5628', 27),
(34, 'Barrière ', 'INCO', 28),
(35, 'Bâtiment B', '8256B', 28),
(36, 'Bâtiment 🏢', '9B316', 29),
(37, 'Bâtiment 🏢', '9B3A6', 30),
(38, 'Bâtiment 🏢', 'INCO', 31),
(39, 'Barrière ', 'INCO', 32),
(40, 'Bâtiment 🏢', '9812', 33),
(41, 'Bâtiment 🏢', '1950', 34),
(42, 'Barrière ', 'INCO', 35),
(43, 'Bâtiment 🏢', 'INCO', 35),
(44, 'Bâtiment 🏢', '1536', 0),
(45, 'Bâtiment 🏢', '1536', 0),
(46, 'Bâtiment 🏢', '25A89', 37),
(47, 'Bâtiment 🏢', '97A6', 38),
(48, 'Barrière ', '2003', 39),
(49, 'Bâtiment A ', '2003', 39),
(50, 'Bâtiment 🏢 ', 'INCO', 40),
(51, 'Bâtiment 🏢 ', '2805A', 41),
(52, 'Bâtiment 🏢 ', '2021', 42),
(53, 'Barrière ', '1421', 43),
(54, 'Bâtiment 🏢 ', '0107', 43),
(55, 'Bâtiment 🏢 ', 'INCO', 44),
(56, 'Bâtiment 🏢 ', '5271', 45),
(57, '2eme porte ', '2859', 46),
(58, 'Bâtiment 🏢 ', '1845', 47),
(59, 'Barrière ', 'INCO', 48),
(60, 'Bâtiment 🏢 ', 'INCO', 48),
(61, 'Barrière ', 'INCO', 49),
(62, 'Bâtiment 🏢 ', 'INCO', 49),
(63, 'Portillon noir', '4994A', 50),
(64, 'Bâtiment 🏢 ', 'A1777', 51),
(65, 'Bâtiment 🏢 ', '9672', 52),
(66, 'Barrière ', 'INCO', 53),
(67, 'Bâtiment 🏢 ', '14A70', 54),
(68, 'Ascenseur', '28B35', 55),
(69, 'Bâtiment 🏢 ', 'B674', 56),
(70, '2ème Porte', '74B04', 57),
(71, 'Barrière ', 'INCO', 58),
(72, 'Bâtiment ', '5273', 59),
(73, 'Barrière ', '1534', 60),
(74, 'Bâtiment 🏢 ', '01B10', 61),
(75, 'Bâtiment 🏢 ', 'INCO', 62),
(76, 'Bâtiment 🏢 ', '1003', 63),
(77, 'Bâtiment 🏢 ', '6823B8', 64),
(78, 'Bâtiment 🏢 ', '19429', 65),
(79, 'Bâtiment 🏢 ', '7613', 66),
(80, '2ème Porte', 'BBBBBB', 67),
(81, '2ème Porte', '13081', 68),
(82, 'Bâtiment 🏢 ', '32A49', 69),
(83, 'Barrière ', '3845', 70),
(84, '2ème Porte', '19BB19', 71),
(85, '2ème ', '19BB19', 72),
(86, 'Portillon ', '7529', 73),
(87, 'Bâtiment ', '1107', 73),
(88, 'Bâtiment 🏢 ', 'BA2760', 74),
(89, 'Bâtiment ', 'INCO', 75),
(90, 'Bâtiment 🏢 ', '2024', 76),
(91, '2ème Porte', '2024', 76),
(92, 'Barrière', 'AB2017', 77),
(93, '2ème Porte', 'AB2017', 77),
(94, 'Bâtiment', 'INCO', 78),
(95, 'Bâtiment 🏢', '1428', 79),
(96, '2eme porte', '2609', 79),
(97, 'Bâtiment 🏢', 'INCO', 80),
(98, 'Bâtiment 🏢', 'INCO', 0),
(99, 'Bâtiment 🏢', '1724', 81),
(100, 'Barrière', 'INCO', 82),
(101, 'Bâtiment 🏢', '28B56', 83),
(102, 'Bâtiment B ', '9602B', 83),
(103, 'Bâtiment 🏢 ', '1379', 84),
(104, 'Portillon ', '98A7', 85),
(105, 'Bâtiment c ', '29B11', 85),
(106, 'Barrière ', 'A5369', 86),
(107, 'Partout ', '4862', 87),
(108, 'Barrière ', '3257', 88),
(109, 'Partout ', '62431', 89),
(110, 'Bâtiment 🏢 ', 'INCO', 0),
(113, 'Bâtiment ', '3001', 92),
(114, 'Bâtiment 🏢 ', 'INCO', 0),
(115, 'Bâtiment 🏢 ', '95257', 94),
(116, 'Bâtiment ', 'INCO', 95),
(117, 'Bâtiment ', '1612A', 96),
(118, 'Bâtiment ', 'A936B', 97),
(119, 'Barrière ', 'INCO', 98),
(120, 'Bâtiment ', '4A16', 99),
(121, 'Ascenseur ', 'INCO', 99),
(122, 'Bâtiment 🏢 ', '943A2', 100),
(125, 'Barrière ', '64B97', 103),
(126, 'Bâtiment ', 'A342B', 104),
(127, 'Grille ', '65B34', 105),
(128, 'Barrière ', '7936', 106),
(129, 'Bâtiment ', '7936', 106),
(130, 'Bâtiment ', '8450', 107),
(131, 'Bâtiment 🏢 ', '96B54', 108),
(132, '2ème Porte', '96B45', 108),
(133, 'Bâtiment 🏢 ', '01A35', 109),
(134, 'Bâtiment 🏢 ', '3248', 110),
(135, '2ème porte', '3248', 110),
(136, 'Bâtiment 🏢 ', 'A1805', 111),
(137, '2ème ', 'A1805B', 111),
(138, 'Bâtiment 🏢 ', 'INCO', 112),
(139, 'Bâtiment 🏢 ', '6874', 113),
(140, 'Bâtiment 🏢 ', 'A0910', 114),
(141, 'Bâtiment 🏢 ', '2304', 115),
(142, 'Bâtiment A ', '2374A', 83),
(143, '2ème porte', 'INCO', 116),
(144, 'Bâtiment 🏢 ', '2971', 117),
(145, 'Bâtiment 🏢 ', '34B68', 118),
(146, '2eme porte', 'A1224B', 118),
(147, 'Barrière ', '15A84', 119),
(148, 'Bâtiment 🏢 ', 'INCO', 0),
(149, 'Portillon ', '16B06', 36),
(150, 'Batiment ', 'B0512', 36),
(151, 'Cours ', '04A31', 36),
(152, 'Ascenseur ', 'INCO', 36);

--
-- Data for Name: marker; Type: TABLE DATA; Schema: public; Owner: postgres
--

INSERT INTO public.marker (id, longitude, latitude, author, adresse, "accesNbr", "createdDate") VALUES
(0, 0, 0, 'system', 'Unknown', NULL, '2025-01-01'),
(2, 258415, 4897349, 'Jaffleman', 'Espace Elysée', NULL, '2025-01-25'),
(3, 258362, 4897286, 'Jaffleman', 'Espace Elysée', NULL, '2025-01-25'),
(4, 235913, 4881364, 'Jaffleman', '32 Rue du Général Leclerc 94270 Le Kremlin-Bicêtre', NULL, '2025-01-29'),
(5, 236337, 4880733, 'Jaffleman', '141 Avenue de Fontainebleau 94270 Le Kremlin-Bicêtre', NULL, '2025-01-29'),
(6, 236771, 4879838, 'Jaffleman', '17 Boulevard Maxime Gorki 94800 Villejuif', NULL, '2025-01-30'),
(7, 235610, 4881374, 'Jaffleman', '11 Rue Édouard Vaillant 94270 Le Kremlin-Bicêtre', NULL, '2025-01-30'),
(8, 235924, 4878574, 'Jaffleman', '14 Rue Auguste Renoir 94800 Villejuif', NULL, '2025-01-30'),
(9, 235850, 4878676, 'Jaffleman', '2 Allée Rembrandt 94800 Villejuif', NULL, '2025-01-31'),
(10, 237019, 4879046, 'Jaffleman', '7 Rue de Bretagne 94800 Villejuif', NULL, '2025-01-31'),
(11, 236946, 4879057, 'Jaffleman', '7 RUE DE BRETAGNE\n94800 VILLEJUIF', NULL, '2025-01-31'),
(12, 235587, 4878907, 'Jaffleman', '8 Promenade Edouard Toulouse 94800 Villejuif', NULL, '2025-02-03'),
(13, 233985, 4879507, 'Jaffleman', '54 Rue Étienne Dolet 94230 Cachan', NULL, '2025-02-03'),
(14, 233789, 4879547, 'Jaffleman', '9 RUE COUSTE\n94230 CACHAN', NULL, '2025-02-04'),
(15, 235683, 4880268, 'Jaffleman', '11 Boulevard Chastenet de Géry 94800 Villejuif', NULL, '2025-02-05'),
(16, 236196, 4881525, 'Jaffleman', '7 Rue Pasteur 94270 Le Kremlin-Bicêtre', NULL, '2025-02-07'),
(17, 235540, 4877920, 'Jaffleman', '155 Rue de Chevilly 94800 Villejuif', NULL, '2025-02-10'),
(18, 235594, 4880216, 'Jaffleman', '4 Rue Marguerite Chapon 94800 Villejuif', NULL, '2025-02-10'),
(19, 235485, 4880318, 'Jaffleman', '2 Rue Marc Sangnier 94270 Le Kremlin-Bicêtre', NULL, '2025-02-11'),
(20, 236864, 4880141, 'Jaffleman', '64 Rue Émile Zola 94800 Villejuif', NULL, '2025-02-12'),
(21, 236258, 4880423, 'Jaffleman', '3 Allée des Alouettes 94800 Villejuif', NULL, '2025-02-12'),
(22, 234755, 4881309, 'Jaffleman', '4 Rue Bathilde 94250 Gentilly', NULL, '2025-02-12'),
(25, 233276, 4881077, 'Jaffleman', '57 Avenue Jean Jaurès 94110 Arcueil', NULL, '2025-02-14'),
(26, 236855, 4879625, 'Jaffleman', '47 Boulevard Maxime Gorki 94800 Villejuif', NULL, '2025-02-14'),
(27, 233840, 4879618, 'Jaffleman', '4 Rue Cousté 94230 Cachan', NULL, '2025-02-17'),
(28, 232850, 4880964, 'Jaffleman', '68 AVENUE LAPLACE\n94110 ARCUEIL', NULL, '2025-02-17'),
(29, 233123, 4880848, 'Jaffleman', '32 AVENUE LAPLACE 94110 ARCUEIL', NULL, '2025-02-18'),
(30, 233307, 4880812, 'Jaffleman', '32 AVENUE LAPLACE 94110 ARCUEIL', NULL, '2025-02-18'),
(31, 236659, 4879305, 'Jaffleman', '73 Rue Jean Jaurès 94800 Villejuif', NULL, '2025-02-18'),
(32, 236491, 4880666, 'Jaffleman', '16bis RUE PASTEUR 94800 Villejuif', NULL, '2025-02-19'),
(33, 233083, 4880978, 'Jaffleman', '18 AVENUE VLADIMIR ILITCH LENINE 94110 ARCUEIL', NULL, '2025-02-19'),
(34, 233593, 4880806, 'Jaffleman', '12 Villa Gustave Edouard 94110 Arcueil', NULL, '2025-02-20'),
(35, 236160, 4880721, 'Jaffleman', '37 à 39bis Rue Anatole France 94270 Le Kremlin-Bicêtre', NULL, '2025-02-20'),
(36, 239524, 4875862, 'Jaffleman', '3 cours Sainte Marthe 94320 Thiais', NULL, '2025-02-20'),
(37, 234873, 4881485, 'Jaffleman', '67 Rue Charles Frérot 94250 Gentilly', NULL, '2025-02-21'),
(38, 235698, 4878080, 'Jaffleman', '2 Allée des Bosquets 94800 Villejuif', NULL, '2025-02-21'),
(39, 235672, 4879457, 'Jaffleman', '50/54 Avenue Paul Vaillant-Couturier 94800 Villejuif', NULL, '2025-02-24'),
(40, 236538, 4880760, 'Jaffleman', '21 Rue Babeuf 94270 Le Kremlin-Bicêtre', NULL, '2025-02-24'),
(41, 233854, 4881383, 'Jaffleman', '34bis Rue des Champs Elysées 94250 Gentilly', NULL, '2025-02-24'),
(42, 235058, 4881239, 'Jaffleman', '11 Rue du Paroy 94250 Gentilly', NULL, '2025-02-25'),
(43, 233184, 4881415, 'Jaffleman', '7 Rue des Aqueducs 94250 Gentilly', NULL, '2025-02-26'),
(44, 236448, 4880930, 'Jaffleman', '14 Rue Carnot 94270 Le Kremlin-Bicêtre', NULL, '2025-02-26'),
(45, 233381, 4880252, 'Jaffleman', '43 Avenue de la Convention 94110 Arcueil', NULL, '2025-03-03'),
(46, 233295, 4881201, 'Jaffleman', '2 Rue de la Villa Mélanie 94110 Arcueil', NULL, '2025-03-03'),
(47, 235206, 4880615, 'Jaffleman', '15 Rue Léon Blum 94270 Le Kremlin-Bicêtre', NULL, '2025-03-04'),
(48, 233305, 4879026, 'Jaffleman', '54 Avenue Dumotel 94230 Cachan', NULL, '2025-03-04'),
(49, 236843, 4879672, 'Jaffleman', '41 Boulevard Maxime Gorki 94800 Villejuif', NULL, '2025-03-05'),
(50, 236957, 4879904, 'Jaffleman', '49bis Rue Bizet 94800 Villejuif', NULL, '2025-03-05'),
(51, 234827, 4880802, 'Jaffleman', '3 Rue John Fitzgerald Kennedy 94270 Le Kremlin-Bicêtre', NULL, '2025-03-07'),
(52, 237035, 4882969, 'Jaffleman', '10 Rue Xaintrailles 75013 Paris', NULL, '2025-03-11'),
(53, 237038, 4883218, 'Jaffleman', '8 Rue Duchefdelaville 75013 Paris', NULL, '2025-03-11'),
(54, 234902, 4883574, 'Jaffleman', '25/27 Boulevard Arago 75013 Paris', NULL, '2025-03-12'),
(55, 234954, 4883491, 'Jaffleman', 'unknow', NULL, '2025-03-12'),
(56, 237111, 4883252, 'Jaffleman', '153 Rue du Chevaleret 75013 Paris', NULL, '2025-03-13'),
(57, 237588, 4882752, 'Jaffleman', '66 Rue des Grands Moulins 75013 Paris', NULL, '2025-03-13'),
(58, 234433, 4882325, 'Jaffleman', '83 Rue Vergniaud 75013 Paris', NULL, '2025-03-14'),
(59, 233710, 4879399, 'Jaffleman', '20 Rue Guichard 94230 Cachan', NULL, '2025-03-18'),
(60, 232243, 4879274, 'Jaffleman', '16 Avenue du Pont-royal 94230 Cachan', NULL, '2025-03-19'),
(61, 235704, 4880299, 'Jaffleman', '15 Boulevard Chastenet de Géry 94800 Villejuif', NULL, '2025-03-19'),
(62, 233581, 4880926, 'Jaffleman', '33 Villa Baudran 94110 Arcueil', NULL, '2025-03-20'),
(63, 233264, 4879399, 'Jaffleman', '11/13 Rue Marx Dormoy 94230 Cachan', NULL, '2025-03-21'),
(64, 236138, 4880833, 'Jaffleman', '8 Place Victor Hugo 94270 Le Kremlin-Bicêtre', NULL, '2025-03-27'),
(65, 235941, 4881385, 'Jaffleman', '25 Rue du Général Leclerc 94270 Le Kremlin-Bicêtre', NULL, '2025-03-27'),
(66, 232617, 4880358, 'Jaffleman', '17 Rue Guy de Gouyon du Verger 94110 Arcueil', NULL, '2025-03-31'),
(67, 233248, 4881229, 'Jaffleman', '2 RUE ALICE MILLIAT\n94110 ARCUEIL', NULL, '2025-04-01'),
(68, 235738, 4880209, 'Jaffleman', '18 Allée du Vercors 94800 Villejuif', NULL, '2025-04-02'),
(69, 232204, 4879469, 'Jaffleman', '23 Rue Ampère 94230 Cachan', NULL, '2025-04-03'),
(70, 236437, 4879933, 'Jaffleman', '49 Rue Jean-Jacques Rousseau 94800 Villejuif', NULL, '2025-04-11'),
(71, 235354, 4881639, 'Jaffleman', '11 Allée des Tanneurs 94250 Gentilly', NULL, '2025-05-05'),
(72, 235391, 4881506, 'Jaffleman', '11 Allée des Tanneurs 94250 Gentilly', NULL, '2025-05-05'),
(73, 236516, 4879777, 'Jaffleman', '79 Rue Jean-Jacques Rousseau 94800 Villejuif', NULL, '2025-05-05'),
(74, 236644, 4879152, 'Jaffleman', '68 Rue Jean Jaurès 94800 Villejuif', NULL, '2025-05-05'),
(75, 236437, 4881509, 'Jaffleman', '37 Rue Roger Salengro 94270 Le Kremlin-Bicêtre', NULL, '2025-05-07'),
(76, 234712, 4879178, 'Jaffleman', '10 CHEMIN DE LA REDOUTE\n\n94800 VILLEJUIF', NULL, '2025-05-09'),
(77, 233993, 4879490, 'Jaffleman', '56 Rue Étienne Dolet 94230 Cachan', NULL, '2025-05-09'),
(78, 236155, 4879466, 'Jaffleman', '41 Avenue Paul Vaillant-Couturier 94800 Villejuif', NULL, '2025-05-12'),
(79, 232772, 4880961, 'Jaffleman', '75 Avenue Laplace 94110 Arcueil', NULL, '2025-05-14'),
(80, 236433, 4880420, 'Jaffleman', '71 Avenue de Paris 94800 Villejuif', NULL, '2025-05-14'),
(81, 236029, 4879941, 'Jaffleman', '42 RUE DE LA CHAPELLE\n94800 VILLEJUIF', NULL, '2025-05-14'),
(82, 234683, 4880435, 'Jaffleman', '10 Rue du Professeur Bergonie 94270 Le Kremlin', NULL, '2025-05-14'),
(83, 236221, 4881469, 'Jaffleman', '14 Rue Roger Salengro 94270 Le Kremlin-Bicêtre', NULL, '2025-05-15'),
(84, 236408, 4880723, 'Jaffleman', '2ter Rue Babeuf 94800 Villejuif', NULL, '2025-05-19'),
(85, 235046, 4880646, 'Jaffleman', '64 Avenue Charles Gide 94270 Le Kremlin-Bicêtre', NULL, '2025-05-22'),
(86, 235775, 4881448, 'Jaffleman', '13 Av du Docteur Antoine Lacroix 94270 Le Kremlin-Bicêtre', NULL, '2025-05-26'),
(87, 236659, 4879049, 'Jaffleman', '100 RUE JEAN JAURES\n94800 VILLEJUIF', NULL, '2025-05-26'),
(88, 237156, 4878359, 'Jaffleman', '72 Rue Jean Lurçat 94800 Villejuif', NULL, '2025-05-27'),
(89, 233258, 4880372, 'Jaffleman', '54 Rue Marius Sidobre 94110 Arcueil', NULL, '2025-05-27'),
(92, 237003, 4880434, 'Jaffleman', '10 Passage Rivière 94800 Villejuif', NULL, '2025-05-28'),
(94, 233381, 4879105, 'Jaffleman', '44 Avenue Dumotel 94230 Cachan', NULL, '2025-06-02'),
(95, 233529, 4879452, 'Jaffleman', '1 Rue Camille Desmoulins 94230 Cachan', NULL, '2025-06-05'),
(96, 235654, 4880213, 'Jaffleman', '10 Allée du Vercors 94800 Villejuif', NULL, '2025-06-05'),
(97, 236862, 4879110, 'Jaffleman', 'unknow', NULL, '2025-06-06'),
(98, 235479, 4877889, 'Jaffleman', '166 Rue de Chevilly 94800 Villejuif', NULL, '2025-06-11'),
(99, 236244, 4879313, 'Jaffleman', '20 Rue du Colonel Marchand 94800 Villejuif', NULL, '2025-06-11'),
(100, 235637, 4880170, 'Jaffleman', '4 Allée du Vercors 94800 Villejuif', NULL, '2025-06-12'),
(103, 235393, 4878872, 'Jaffleman', '104 Rue de Verdun 94800 Villejuif', NULL, '2025-06-13'),
(104, 236670, 4880361, 'Jaffleman', '23 Rue Henri Barbusse 94800 Villejuif', NULL, '2025-06-18'),
(105, 236064, 4881016, 'Jaffleman', '50 Rue Danton 94270 Le Kremlin-Bicêtre', NULL, '2025-06-18'),
(106, 232641, 4879586, 'Jaffleman', '56 Rue Marcel Bonnet 94230 Cachan', NULL, '2025-06-20'),
(107, 235508, 4880261, 'Jaffleman', '3 Rue François Billoux 94800 Villejuif', NULL, '2025-06-23'),
(108, 236290, 4880908, 'Jaffleman', '105 Avenue de Fontainebleau 94270 Le Kremlin-Bicêtre', NULL, '2025-06-24'),
(109, 236707, 4878791, 'Jaffleman', '7 Avenue de Stalingrad 94800 Villejuif', NULL, '2025-06-27'),
(110, 235907, 4881416, 'Jaffleman', '13 Rue du 14 Juillet 94270 Le Kremlin-Bicêtre', NULL, '2025-06-27'),
(111, 233721, 4880789, 'Jaffleman', '6 Avenue Pierre Ronsard 94110 Arcueil', NULL, '2025-06-30'),
(112, 235225, 4880603, 'Jaffleman', '17 Rue Léon Blum 94270 Le Kremlin-Bicêtre', NULL, '2025-07-01'),
(113, 236879, 4879463, 'Jaffleman', '74 BOULEVARD MAXIME GORKI\n94800 VILLEJUIF', NULL, '2025-07-01'),
(114, 236773, 4880451, 'Jaffleman', '27 Rue de la Liberté 94800 Villejuif', NULL, '2025-07-02'),
(115, 233000, 4881199, 'Jaffleman', '2 Rue Antoine Marin 94110 Arcueil', NULL, '2025-07-04'),
(116, 235082, 4881681, 'Jaffleman', '5 rue des 4 tours', NULL, '2025-07-07'),
(117, 237349, 4878666, 'Jaffleman', '28 Rue du Clos Fleuri 94800 Villejuif', NULL, '2025-07-08'),
(118, 235514, 4877945, 'Jaffleman', '151 RUE DE CHEVILLY 94800 VILLEJUIF', NULL, '2025-09-26'),
(119, 235461, 4878738, 'Jaffleman', '127 Avenue de la République 94800 Villejuif', NULL, '2025-09-26'),
(120, 236716, 4879572, 'Jaffleman', '3 Rue Jean Baptiste Clément 94800 Villejuif', NULL, '2025-09-29'),
(121, 237386, 4878626, 'Jaffleman', '32 Rue du Clos Fleuri 94800 Villejuif', NULL, '2025-09-29');

--
--    Name: acces_id_seq; Type: SEQUENCE SET; Schema: public; Owner: postgres
--

SELECT pg_catalog.setval('public.acces_id_seq', 156, true);


--
-- Name: marker_id_seq; Type: SEQUENCE SET; Schema: public; Owner: postgres
--

SELECT pg_catalog.setval('public.marker_id_seq', 121, true);


--
-- Name: acces acces_pkey; Type: CONSTRAINT; Schema: public; Owner: postgres
--

ALTER TABLE ONLY public.acces
    ADD CONSTRAINT acces_pkey PRIMARY KEY (id);


--
-- Name: marker marker_pkey; Type: CONSTRAINT; Schema: public; Owner: postgres
--

ALTER TABLE ONLY public.marker
    ADD CONSTRAINT marker_pkey PRIMARY KEY (id);


--
-- Name: acces acces_mk_fkey; Type: FK CONSTRAINT; Schema: public; Owner: postgres
--

ALTER TABLE ONLY public.acces
    ADD CONSTRAINT acces_mk_fkey FOREIGN KEY (mk) REFERENCES public.marker(id) ON DELETE CASCADE;


--
-- Name: TABLE acces; Type: ACL; Schema: public; Owner: postgres
--

GRANT ALL ON TABLE public.acces TO extjaff;


--
-- Name: TABLE marker; Type: ACL; Schema: public; Owner: postgres
--

GRANT ALL ON TABLE public.marker TO extjaff;


--
-- Name: DEFAULT PRIVILEGES FOR TABLES; Type: DEFAULT ACL; Schema: -; Owner: postgres
--

ALTER DEFAULT PRIVILEGES FOR ROLE postgres GRANT ALL ON TABLES TO extjaff;


--
-- PostgreSQL database dump complete
--


--
-- Database "maptdpbdd" dump
--

--
-- PostgreSQL database dump
--


-- Dumped from database version 16.10
-- Dumped by pg_dump version 16.10

SET statement_timeout = 0;
SET lock_timeout = 0;
SET idle_in_transaction_session_timeout = 0;
SET client_encoding = 'UTF8';
SET standard_conforming_strings = on;
SELECT pg_catalog.set_config('search_path', '', false);
SET check_function_bodies = false;
SET xmloption = content;
SET client_min_messages = warning;
SET row_security = off;

--
-- Name: maptdpbdd; Type: DATABASE; Schema: -; Owner: postgres
--

CREATE DATABASE maptdpbdd WITH TEMPLATE = template0 ENCODING = 'UTF8' LOCALE_PROVIDER = libc LOCALE = 'en_US.utf8';


ALTER DATABASE maptdpbdd OWNER TO postgres;

\connect maptdpbdd

SET statement_timeout = 0;
SET lock_timeout = 0;
SET idle_in_transaction_session_timeout = 0;
SET client_encoding = 'UTF8';
SET standard_conforming_strings = on;
SELECT pg_catalog.set_config('search_path', '', false);
SET check_function_bodies = false;
SET xmloption = content;
SET client_min_messages = warning;
SET row_security = off;

SET default_tablespace = '';

SET default_table_access_method = heap;

--
-- Name: opts; Type: TABLE; Schema: public; Owner: extjaff
--

CREATE TABLE public.opts (
    id integer NOT NULL,
    opt_label character varying(3)
);


ALTER TABLE public.opts OWNER TO extjaff;

--
-- Name: opts_id_seq; Type: SEQUENCE; Schema: public; Owner: extjaff
--

ALTER TABLE public.opts ALTER COLUMN id ADD GENERATED BY DEFAULT AS IDENTITY (
    SEQUENCE NAME public.opts_id_seq
    START WITH 1
    INCREMENT BY 1
    NO MINVALUE
    NO MAXVALUE
    CACHE 1
);


--
-- Name: reglettes; Type: TABLE; Schema: public; Owner: extjaff
--

CREATE TABLE public.reglettes (
    id integer NOT NULL,
    reglette_label character varying(5)
);


ALTER TABLE public.reglettes OWNER TO extjaff;

--
-- Name: reglettes_id_seq; Type: SEQUENCE; Schema: public; Owner: extjaff
--

ALTER TABLE public.reglettes ALTER COLUMN id ADD GENERATED BY DEFAULT AS IDENTITY (
    SEQUENCE NAME public.reglettes_id_seq
    START WITH 1
    INCREMENT BY 1
    NO MINVALUE
    NO MAXVALUE
    CACHE 1
);


--
-- Name: repartiteurs; Type: TABLE; Schema: public; Owner: extjaff
--

CREATE TABLE public.repartiteurs (
    id integer NOT NULL,
    code_name character varying(3) NOT NULL,
    long_name text,
    zip integer NOT NULL,
    nbr_salle integer,
    address text
);


ALTER TABLE public.repartiteurs OWNER TO extjaff;

--
-- Name: repartiteurs_id_seq; Type: SEQUENCE; Schema: public; Owner: extjaff
--

ALTER TABLE public.repartiteurs ALTER COLUMN id ADD GENERATED BY DEFAULT AS IDENTITY (
    SEQUENCE NAME public.repartiteurs_id_seq
    START WITH 1
    INCREMENT BY 1
    NO MINVALUE
    NO MAXVALUE
    CACHE 1
);


--
-- Name: tdps; Type: TABLE; Schema: public; Owner: extjaff
--

CREATE TABLE public.tdps (
    id integer NOT NULL,
    rep integer NOT NULL,
    reglette_type integer NOT NULL,
    reglette_nbr character varying(2) NOT NULL,
    salle integer NOT NULL,
    rco integer NOT NULL,
    ferme integer NOT NULL,
    level integer NOT NULL,
    opts integer
);


ALTER TABLE public.tdps OWNER TO extjaff;

--
-- Name: tdps_id_seq; Type: SEQUENCE; Schema: public; Owner: extjaff
--

ALTER TABLE public.tdps ALTER COLUMN id ADD GENERATED BY DEFAULT AS IDENTITY (
    SEQUENCE NAME public.tdps_id_seq
    START WITH 1
    INCREMENT BY 1
    NO MINVALUE
    NO MAXVALUE
    CACHE 1
);


--
-- Data for Name: opts; Type: TABLE DATA; Schema: public; Owner: extjaff
--

INSERT INTO public.opts (id, opt_label) VALUES
(1, 'TNI'),
(2, 'TNI'),
(3, 'INV'),
(4, 'TNI'),
(5, 'INV'),
(6, 'TNI'),
(7, 'INV'),
(8, 'TNI'),
(9, 'INV'),
(10, 'TNI'),
(11, 'INV'),
(12, 'TNI'),
(13, 'INV'),
(14, 'TNI'),
(15, 'INV'),
(16, 'TNI'),
(17, 'INV'),
(18, 'TNI'),
(19, 'INV'),
(20, 'TNI'),
(21, 'INV'),
(22, 'TNI'),
(23, 'INV'),
(24, 'TNI'),
(25, 'INV'),
(26, 'TNI'),
(27, 'INV'),
(28, 'TNI'),
(29, 'INV'),
(30, 'TNI'),
(31, 'INV'),
(32, 'TNI'),
(33, 'INV'),
(34, 'TNI'),
(35, 'INV'),
(36, 'TNI'),
(37, 'INV'),
(38, 'TNI');


--
-- Data for Name: reglettes; Type: TABLE DATA; Schema: public; Owner: extjaff
--

INSERT INTO public.reglettes (id, reglette_label) VALUES
(1, 'L/INX'),
(2, 'R/DEG'),
(3, 'A/TEL'),
(4, 'T/DEL'),
(5, 'T/LIF');


--
-- Data for Name: repartiteurs; Type: TABLE DATA; Schema: public; Owner: extjaff
--

INSERT INTO public.repartiteurs (id, code_name, long_name, zip, nbr_salle, address) VALUES
(19, 'rep', NULL, 0, 1, NULL),
(1, 'cac', 'Cachan', 94, 1, NULL),
(2, 'cho', 'Choisy-le-Roi', 94, 1, NULL),
(3, 'cnv', 'Cheneviere-sur-Marne', 94, 1, NULL),
(4, 'cpy', 'Champigny-sur-Marne', 94, 2, NULL),
(5, 'chy', 'Chevilly-Larue', 94, 1, NULL),
(6, 'alf', 'Alforville', 94, 2, NULL),
(7, 'bos', 'Creteil (Bossuer)', 94, 1, NULL),
(8, 'bsb', 'Boissy-Saint-Leger', 94, 3, NULL),
(9, 'cre', 'Creteil', 94, 1, NULL),
(10, 'dag', 'Le Perreux-sur-Marne', 94, 1, NULL),
(11, 'dau', 'Vincenne', 94, 1, NULL),
(12, 'fny', 'Val-de-Fonteney', 94, 2, NULL),
(13, 'gra', 'Saint-Maur-des-fossés', 94, 2, NULL),
(14, 'ivr', 'Ivry-sur-Seine', 94, 1, NULL),
(15, 'pom', 'Champigny-sur-Marne', 94, 2, NULL),
(16, 'ram', 'Villjuif', 94, 2, NULL),
(17, 'vit', 'Vitry-sur-Seine', 94, 2, NULL),
(18, 'vsg', 'Villeneuve-Saint-Georges', 94, 1, NULL),
(20, 'pog', NULL, 94, NULL, NULL),
(21, 'pag', NULL, 94, NULL, NULL);


--
-- Data for Name: tdps; Type: TABLE DATA; Schema: public; Owner: extjaff
--

INSERT INTO public.tdps (id, rep, reglette_type, reglette_nbr, salle, rco, ferme, level, opts) VALUES
(1, 1, 2, 'E8', 1, 1, 37, 6, NULL),
(2, 1, 2, 'E7', 1, 1, 37, 5, NULL),
(3, 1, 2, 'E6', 1, 1, 37, 4, NULL),
(4, 1, 2, 'E5', 1, 1, 37, 3, NULL),
(5, 1, 2, 'E4', 1, 1, 37, 2, NULL),
(6, 1, 2, 'E3', 1, 1, 37, 1, NULL),
(7, 1, 2, 'E2', 1, 1, 35, 7, NULL),
(8, 1, 2, 'E1', 1, 1, 35, 6, NULL),
(9, 1, 2, 'E0', 1, 1, 35, 5, NULL),
(10, 1, 2, 'D9', 1, 1, 35, 4, NULL),
(11, 1, 2, 'D8', 1, 1, 35, 3, NULL),
(12, 1, 2, 'D7', 1, 1, 35, 2, NULL),
(13, 1, 2, 'D6', 1, 1, 35, 1, NULL),
(14, 1, 2, 'D5', 1, 1, 33, 7, NULL),
(15, 1, 2, 'D4', 1, 1, 33, 6, NULL),
(16, 1, 3, 'B3', 1, 1, 33, 5, NULL),
(17, 1, 3, 'B2', 1, 1, 33, 4, NULL),
(18, 1, 3, 'B1', 1, 1, 33, 3, NULL),
(19, 1, 3, 'B0', 1, 1, 33, 2, NULL),
(20, 1, 3, 'A9', 1, 1, 33, 1, NULL),
(21, 1, 3, 'A8', 1, 1, 31, 7, NULL),
(22, 1, 3, 'A7', 1, 1, 31, 6, NULL),
(23, 1, 3, 'A6', 1, 1, 31, 5, NULL),
(24, 1, 3, 'A5', 1, 1, 31, 4, NULL),
(25, 1, 3, 'A4', 1, 1, 31, 3, NULL),
(26, 1, 3, 'A3', 1, 1, 31, 2, NULL),
(27, 1, 3, 'A2', 1, 1, 31, 1, NULL),
(28, 1, 1, 'C3', 1, 1, 27, 7, NULL),
(29, 1, 1, 'C2', 1, 1, 27, 6, NULL),
(30, 1, 1, 'C1', 1, 1, 27, 5, NULL),
(31, 1, 1, 'B6', 1, 1, 27, 4, NULL),
(32, 1, 1, 'B5', 1, 1, 27, 3, NULL),
(33, 1, 1, 'B4', 1, 1, 27, 2, NULL),
(34, 1, 1, '87', 1, 1, 27, 1, NULL),
(35, 1, 2, 'F7', 1, 1, 26, 6, NULL),
(36, 1, 2, 'F6', 1, 1, 26, 5, NULL),
(37, 1, 2, 'F5', 1, 1, 26, 4, NULL),
(38, 1, 2, 'F4', 1, 1, 26, 3, NULL),
(39, 1, 2, 'F3', 1, 1, 26, 2, NULL),
(40, 1, 2, 'F2', 1, 1, 26, 1, NULL),
(41, 1, 2, 'D3', 1, 1, 25, 7, NULL),
(42, 1, 2, 'D2', 1, 1, 25, 6, NULL),
(43, 1, 2, 'D1', 1, 1, 25, 5, NULL),
(44, 1, 1, 'C9', 1, 1, 25, 4, NULL),
(45, 1, 1, 'C8', 1, 1, 25, 3, NULL),
(46, 1, 1, 'C7', 1, 1, 25, 2, NULL),
(47, 1, 1, 'C6', 1, 1, 25, 1, NULL),
(48, 1, 1, '86', 1, 1, 10, 7, NULL),
(49, 1, 1, '85', 1, 1, 10, 6, NULL),
(50, 1, 1, '67', 1, 1, 10, 5, NULL),
(51, 1, 1, '66', 1, 1, 10, 4, NULL),
(52, 1, 1, '65', 1, 1, 10, 3, NULL),
(53, 1, 1, '53', 1, 1, 10, 2, NULL),
(54, 1, 1, '52', 1, 1, 10, 1, NULL),
(55, 1, 1, '51', 1, 1, 9, 7, NULL),
(56, 1, 1, '50', 1, 1, 9, 6, NULL),
(57, 1, 1, '49', 1, 1, 9, 5, NULL),
(58, 1, 1, '48', 1, 1, 9, 4, NULL),
(59, 1, 1, '47', 1, 1, 9, 3, NULL),
(60, 1, 1, '46', 1, 1, 9, 2, NULL),
(61, 1, 1, '45', 1, 1, 9, 1, NULL),
(62, 1, 1, 'C5', 1, 1, 8, 6, NULL),
(63, 1, 1, '28', 1, 1, 8, 5, NULL),
(64, 1, 1, '27', 1, 1, 8, 4, NULL),
(65, 1, 1, '26', 1, 1, 8, 3, NULL),
(66, 1, 1, '25', 1, 1, 8, 2, NULL),
(67, 1, 1, '24', 1, 1, 8, 1, NULL),
(68, 1, 1, '23', 1, 1, 7, 6, NULL),
(69, 1, 1, '20', 1, 1, 7, 5, NULL),
(70, 1, 1, '19', 1, 1, 7, 4, NULL),
(71, 1, 1, '18', 1, 1, 7, 3, NULL),
(72, 1, 1, '17', 1, 1, 7, 2, NULL),
(73, 1, 1, '09', 1, 1, 7, 1, NULL),
(74, 1, 1, 'C4', 1, 1, 6, 7, NULL),
(75, 1, 1, '44', 1, 1, 6, 6, NULL),
(76, 1, 1, '43', 1, 1, 6, 5, NULL),
(77, 1, 1, '42', 1, 1, 6, 4, NULL),
(78, 1, 1, '37', 1, 1, 6, 3, NULL),
(79, 1, 1, '36', 1, 1, 6, 2, NULL),
(80, 1, 1, '35', 1, 1, 6, 1, NULL),
(81, 1, 1, '08', 1, 1, 5, 7, NULL),
(82, 1, 1, '07', 1, 1, 5, 6, NULL),
(83, 1, 1, '06', 1, 1, 5, 5, NULL),
(84, 1, 1, '05', 1, 1, 5, 4, NULL),
(85, 1, 1, '04', 1, 1, 5, 3, NULL),
(86, 1, 1, '03', 1, 1, 5, 2, NULL),
(87, 1, 1, '02', 1, 1, 5, 1, NULL),
(88, 2, 2, 'H2', 1, 1, 23, 8, NULL),
(89, 2, 2, 'H1', 1, 1, 23, 7, NULL),
(90, 2, 2, 'H0', 1, 1, 23, 6, NULL),
(91, 2, 2, 'G9', 1, 1, 23, 5, NULL),
(92, 2, 2, 'G8', 1, 1, 23, 4, NULL),
(93, 2, 2, 'G7', 1, 1, 23, 3, NULL),
(94, 2, 2, 'G6', 1, 1, 23, 2, NULL),
(95, 2, 2, 'G3', 1, 1, 23, 1, NULL),
(96, 2, 2, 'G2', 1, 1, 22, 8, NULL),
(97, 2, 2, 'G1', 1, 1, 22, 7, NULL),
(98, 2, 2, 'F6', 1, 1, 22, 6, NULL),
(99, 2, 2, 'F5', 1, 1, 22, 5, NULL),
(100, 2, 2, 'F4', 1, 1, 22, 4, NULL),
(101, 2, 2, 'F3', 1, 1, 22, 3, NULL),
(102, 2, 2, 'F2', 1, 1, 22, 2, NULL),
(103, 2, 2, 'F1', 1, 1, 22, 1, NULL),
(104, 2, 2, 'F0', 1, 1, 21, 8, NULL),
(105, 2, 2, 'E9', 1, 1, 21, 7, NULL),
(106, 2, 2, 'E8', 1, 1, 21, 6, NULL),
(107, 2, 2, 'E7', 1, 1, 21, 5, NULL),
(108, 2, 2, 'E6', 1, 1, 21, 4, NULL),
(109, 2, 2, 'E5', 1, 1, 21, 3, NULL),
(110, 2, 2, 'E4', 1, 1, 21, 2, NULL),
(111, 2, 2, 'E3', 1, 1, 21, 1, NULL),
(112, 2, 2, 'E2', 1, 1, 20, 8, NULL),
(113, 2, 2, 'E0', 1, 1, 20, 7, NULL),
(114, 2, 2, 'D8', 1, 1, 20, 6, NULL),
(115, 2, 2, 'D7', 1, 1, 20, 5, NULL),
(116, 2, 2, 'D3', 1, 1, 20, 4, NULL),
(117, 2, 2, 'D2', 1, 1, 20, 3, NULL),
(118, 2, 2, 'D1', 1, 1, 20, 2, NULL),
(119, 2, 2, 'D0', 1, 1, 20, 1, NULL),
(120, 2, 2, 'F8', 1, 1, 16, 8, NULL),
(121, 2, 2, 'D6', 1, 1, 16, 7, NULL),
(122, 2, 2, 'D5', 1, 1, 16, 6, NULL),
(123, 2, 2, 'D4', 1, 1, 16, 5, NULL),
(124, 2, 2, 'B8', 1, 1, 16, 4, NULL),
(125, 2, 2, 'B7', 1, 1, 16, 3, NULL),
(126, 2, 2, 'B6', 1, 1, 16, 2, NULL),
(127, 2, 2, 'B5', 1, 1, 16, 1, NULL),
(128, 2, 2, 'C0', 1, 1, 14, 8, NULL),
(129, 2, 2, 'B9', 1, 1, 14, 7, NULL),
(130, 2, 2, 'A7', 1, 1, 14, 6, NULL),
(131, 2, 2, 'A6', 1, 1, 14, 5, NULL),
(132, 2, 2, 'A4', 1, 1, 14, 4, NULL),
(133, 2, 2, 'A3', 1, 1, 14, 3, NULL),
(134, 2, 2, 'A2', 1, 1, 14, 2, NULL),
(135, 2, 2, 'A1', 1, 1, 14, 1, NULL),
(136, 2, 2, 'A0', 1, 1, 13, 8, NULL),
(137, 2, 2, '99', 1, 1, 13, 7, NULL),
(138, 2, 1, '98', 1, 1, 13, 6, NULL),
(139, 2, 1, '97', 1, 1, 13, 5, NULL),
(140, 2, 1, '96', 1, 1, 13, 4, NULL),
(141, 2, 1, '95', 1, 1, 13, 3, NULL),
(142, 2, 1, '94', 1, 1, 13, 2, NULL),
(143, 2, 1, '93', 1, 1, 13, 1, NULL),
(144, 2, 1, '92', 1, 1, 11, 8, NULL),
(145, 2, 1, '91', 1, 1, 11, 7, NULL),
(146, 2, 1, '90', 1, 1, 11, 6, NULL),
(147, 2, 1, '89', 1, 1, 11, 5, NULL),
(148, 2, 1, '88', 1, 1, 11, 4, NULL),
(149, 2, 1, '87', 1, 1, 11, 3, NULL),
(150, 2, 1, '86', 1, 1, 11, 2, NULL),
(151, 2, 1, '85', 1, 1, 11, 1, NULL),
(152, 2, 1, '60', 1, 1, 7, 8, NULL),
(153, 2, 1, '59', 1, 1, 7, 7, NULL),
(154, 2, 1, '58', 1, 1, 7, 6, NULL),
(155, 2, 1, '46', 1, 1, 7, 5, NULL),
(156, 2, 1, '45', 1, 1, 7, 4, NULL),
(157, 2, 1, '44', 1, 1, 7, 3, NULL),
(158, 2, 1, '33', 1, 1, 7, 2, NULL),
(159, 2, 1, '32', 1, 1, 7, 1, NULL),
(160, 2, 2, 'B4', 1, 1, 6, 8, NULL),
(161, 2, 2, 'B3', 1, 1, 6, 7, NULL),
(162, 2, 5, '39', 1, 1, 6, 6, 1),
(163, 2, 5, '38', 1, 1, 6, 5, 1),
(164, 2, 5, '37', 1, 1, 6, 4, 1),
(165, 2, 5, '36', 1, 1, 6, 3, 1),
(166, 2, 5, '35', 1, 1, 6, 2, 1),
(167, 2, 5, '34', 1, 1, 6, 1, 1),
(168, 2, 1, '31', 1, 1, 3, 8, NULL),
(169, 2, 1, '30', 1, 1, 3, 7, 1),
(170, 2, 1, '29', 1, 1, 3, 6, 1),
(171, 2, 1, '28', 1, 1, 3, 5, 1),
(172, 2, 1, '21', 1, 1, 3, 4, 1),
(173, 2, 1, '20', 1, 1, 3, 3, 1),
(174, 2, 1, '19', 1, 1, 3, 2, 1),
(175, 2, 1, '17', 1, 1, 3, 1, 1),
(176, 2, 1, '16', 1, 1, 2, 8, 1),
(177, 2, 1, '15', 1, 1, 2, 7, 1),
(178, 2, 1, '14', 1, 1, 2, 6, 1),
(179, 2, 1, '06', 1, 1, 2, 5, 1),
(180, 2, 1, '05', 1, 1, 2, 4, 1),
(181, 2, 1, '04', 1, 1, 2, 3, 1),
(182, 2, 1, '03', 1, 1, 2, 2, 1),
(183, 2, 1, '02', 1, 1, 2, 1, 1),
(184, 3, 2, 'F9', 1, 2, 6, 6, NULL),
(185, 3, 2, 'F8', 1, 2, 6, 5, NULL),
(186, 3, 2, 'F7', 1, 2, 6, 4, NULL),
(187, 3, 2, 'F6', 1, 2, 6, 3, NULL),
(188, 3, 2, 'F5', 1, 2, 6, 2, NULL),
(189, 3, 2, 'F4', 1, 2, 6, 1, NULL),
(190, 3, 1, '68', 1, 2, 4, 8, NULL),
(191, 3, 1, '36', 1, 2, 4, 7, NULL),
(192, 3, 1, '35', 1, 2, 4, 6, NULL),
(193, 3, 1, '34', 1, 2, 4, 5, NULL),
(194, 3, 1, '17', 1, 2, 4, 4, NULL),
(195, 3, 1, '16', 1, 2, 4, 3, NULL),
(196, 3, 1, '15', 1, 2, 4, 2, NULL),
(197, 3, 1, '09', 1, 2, 4, 1, NULL),
(198, 3, 2, '82', 1, 2, 2, 8, NULL),
(199, 3, 2, '81', 1, 2, 2, 7, NULL),
(200, 3, 2, '23', 1, 2, 2, 6, NULL),
(201, 3, 2, '22', 1, 2, 2, 5, NULL),
(202, 3, 2, '21', 1, 2, 2, 4, NULL),
(203, 3, 2, '20', 1, 2, 2, 3, NULL),
(204, 3, 2, '19', 1, 2, 2, 2, NULL),
(205, 3, 2, '18', 1, 2, 2, 1, NULL),
(206, 3, 2, 'F2', 1, 1, 37, 8, NULL),
(207, 3, 2, 'F1', 1, 1, 37, 7, NULL),
(208, 3, 2, 'F0', 1, 1, 37, 6, NULL),
(209, 3, 2, 'E9', 1, 1, 37, 5, NULL),
(210, 3, 2, 'E8', 1, 1, 37, 4, NULL),
(211, 3, 2, 'E7', 1, 1, 37, 3, NULL),
(212, 3, 2, 'E6', 1, 1, 37, 2, NULL),
(213, 3, 2, 'E5', 1, 1, 37, 1, NULL),
(214, 3, 2, 'C4', 1, 1, 33, 8, NULL),
(215, 3, 2, 'C3', 1, 1, 33, 7, NULL),
(216, 3, 2, 'C2', 1, 1, 33, 6, NULL),
(217, 3, 2, 'C0', 1, 1, 33, 5, NULL),
(218, 3, 2, 'B9', 1, 1, 33, 4, NULL),
(219, 3, 2, 'B8', 1, 1, 33, 3, NULL),
(220, 3, 2, 'B7', 1, 1, 33, 2, NULL),
(221, 3, 2, 'B6', 1, 1, 33, 1, NULL),
(222, 3, 2, 'B5', 1, 1, 31, 8, NULL),
(223, 3, 2, 'B3', 1, 1, 31, 7, NULL),
(224, 3, 2, 'A9', 1, 1, 31, 6, NULL),
(225, 3, 2, 'A8', 1, 1, 31, 5, NULL),
(226, 3, 2, 'A3', 1, 1, 31, 4, NULL),
(227, 3, 2, 'A2', 1, 1, 31, 3, NULL),
(228, 3, 2, 'A1', 1, 1, 31, 2, NULL),
(229, 3, 2, 'A0', 1, 1, 31, 1, NULL),
(230, 3, 2, 'D2', 1, 1, 25, 8, NULL),
(231, 3, 2, 'B2', 1, 1, 25, 7, NULL),
(232, 3, 2, 'B1', 1, 1, 25, 6, NULL),
(233, 3, 2, 'B0', 1, 1, 25, 5, NULL),
(234, 3, 2, '86', 1, 1, 25, 4, NULL),
(235, 3, 2, '85', 1, 1, 25, 3, NULL),
(236, 3, 2, '84', 1, 1, 25, 2, NULL),
(237, 3, 2, '83', 1, 1, 25, 1, NULL),
(238, 3, 2, '92', 1, 1, 21, 8, NULL),
(239, 3, 2, '91', 1, 1, 21, 7, NULL),
(240, 3, 2, '90', 1, 1, 21, 6, NULL),
(241, 3, 2, '89', 1, 1, 21, 5, NULL),
(242, 3, 2, '87', 1, 1, 21, 4, NULL),
(243, 3, 2, '88', 1, 1, 21, 3, NULL),
(244, 3, 2, '74', 1, 1, 21, 2, NULL),
(245, 3, 2, '73', 1, 1, 21, 1, NULL),
(246, 3, 1, '67', 1, 1, 13, 8, NULL),
(247, 3, 1, '66', 1, 1, 13, 7, NULL),
(248, 3, 1, '65', 1, 1, 13, 6, NULL),
(249, 3, 1, '64', 1, 1, 13, 5, NULL),
(250, 3, 1, '63', 1, 1, 13, 4, NULL),
(251, 3, 1, '57', 1, 1, 13, 3, NULL),
(252, 3, 1, '56', 1, 1, 13, 2, NULL),
(253, 3, 1, '55', 1, 1, 13, 1, NULL),
(254, 3, 1, '08', 1, 1, 11, 8, NULL),
(255, 3, 1, '07', 1, 1, 11, 7, NULL),
(256, 3, 1, '06', 1, 1, 11, 6, NULL),
(257, 3, 1, '05', 1, 1, 11, 5, NULL),
(258, 3, 1, '04', 1, 1, 11, 4, NULL),
(259, 3, 1, '03', 1, 1, 11, 3, NULL),
(260, 3, 1, '02', 1, 1, 11, 2, NULL),
(261, 3, 1, '01', 1, 1, 11, 1, NULL),
(262, 4, 2, 'E7', 2, 1, 31, 8, NULL),
(263, 4, 2, 'E6', 2, 1, 31, 7, NULL),
(264, 4, 2, 'E5', 2, 1, 31, 6, NULL),
(265, 4, 2, 'E4', 2, 1, 31, 5, NULL),
(266, 4, 2, 'E3', 2, 1, 31, 4, NULL),
(267, 4, 2, 'E2', 2, 1, 31, 3, NULL),
(268, 4, 2, 'E1', 2, 1, 31, 2, NULL),
(269, 4, 2, 'E0', 2, 1, 31, 1, NULL),
(270, 4, 2, 'D9', 2, 1, 27, 8, NULL),
(271, 4, 2, 'D6', 2, 1, 27, 7, NULL),
(272, 4, 2, 'D5', 2, 1, 27, 6, NULL),
(273, 4, 2, 'D4', 2, 1, 27, 5, NULL),
(274, 4, 2, 'D3', 2, 1, 27, 4, NULL),
(275, 4, 2, 'D2', 2, 1, 27, 3, NULL),
(276, 4, 2, 'C7', 2, 1, 27, 2, NULL),
(277, 4, 2, 'C6', 2, 1, 27, 1, NULL),
(278, 4, 2, 'A1', 2, 1, 21, 8, NULL),
(279, 4, 2, 'A0', 2, 1, 21, 7, NULL),
(280, 4, 2, 'G6', 2, 1, 13, 8, NULL),
(281, 4, 2, 'F7', 2, 1, 13, 7, NULL),
(282, 4, 2, 'F6', 2, 1, 13, 6, NULL),
(283, 4, 2, 'F5', 2, 1, 13, 5, NULL),
(284, 4, 2, 'F4', 2, 1, 13, 4, NULL),
(285, 4, 4, '74', 2, 1, 13, 3, NULL),
(286, 4, 4, '73', 2, 1, 13, 2, NULL),
(287, 4, 4, '64', 2, 1, 13, 1, NULL),
(288, 4, 1, '90', 2, 1, 7, 8, NULL),
(289, 4, 1, '89', 2, 1, 7, 7, NULL),
(290, 4, 1, '88', 2, 1, 7, 6, NULL),
(291, 4, 1, '87', 2, 1, 7, 5, NULL),
(292, 4, 1, '86', 2, 1, 7, 4, NULL),
(293, 4, 1, '85', 2, 1, 7, 3, NULL),
(294, 4, 1, '84', 2, 1, 7, 2, NULL),
(295, 4, 1, '83', 2, 1, 7, 1, NULL),
(296, 4, 2, 'C5', 2, 1, 5, 8, NULL),
(297, 4, 2, 'C1', 2, 1, 5, 7, NULL),
(298, 4, 2, 'C0', 2, 1, 5, 6, NULL),
(299, 4, 2, 'B9', 2, 1, 5, 5, NULL),
(300, 4, 2, 'B7', 2, 1, 5, 4, NULL),
(301, 5, 2, 'B0', 1, 1, 19, 7, NULL),
(302, 5, 2, 'A9', 1, 1, 19, 6, NULL),
(303, 5, 2, 'A8', 1, 1, 19, 5, NULL),
(304, 5, 2, 'A7', 1, 1, 19, 4, NULL),
(305, 5, 2, 'A6', 1, 1, 19, 3, NULL),
(306, 5, 2, 'A5', 1, 1, 19, 2, NULL),
(307, 5, 2, 'A4', 1, 1, 19, 1, NULL),
(308, 5, 2, 'A3', 1, 1, 18, 8, NULL),
(309, 5, 2, 'A2', 1, 1, 18, 7, NULL),
(310, 5, 2, 'A1', 1, 1, 18, 6, NULL),
(311, 5, 2, 'A0', 1, 1, 18, 5, NULL),
(312, 5, 2, '99', 1, 1, 18, 4, NULL),
(313, 5, 2, '98', 1, 1, 18, 3, NULL),
(314, 5, 2, '97', 1, 1, 18, 2, NULL),
(315, 5, 2, '96', 1, 1, 18, 1, NULL),
(316, 5, 2, '95', 1, 1, 12, 8, NULL),
(317, 5, 2, '94', 1, 1, 12, 7, NULL),
(318, 5, 2, '93', 1, 1, 12, 6, NULL),
(319, 5, 2, '79', 1, 1, 12, 5, NULL),
(320, 5, 2, '78', 1, 1, 12, 4, NULL),
(321, 5, 2, '76', 1, 1, 12, 3, NULL),
(322, 5, 2, '75', 1, 1, 12, 2, NULL),
(323, 5, 1, '74', 1, 1, 12, 1, NULL),
(324, 5, 1, '73', 1, 1, 11, 8, NULL),
(325, 5, 1, '72', 1, 1, 11, 7, NULL),
(326, 5, 1, '71', 1, 1, 11, 6, NULL),
(327, 5, 1, '70', 1, 1, 11, 5, NULL),
(328, 5, 1, '69', 1, 1, 11, 4, NULL),
(329, 5, 1, '68', 1, 1, 11, 3, NULL),
(330, 5, 1, '67', 1, 1, 11, 2, NULL),
(331, 5, 1, '66', 1, 1, 11, 1, NULL),
(332, 5, 2, 'C0', 1, 1, 9, 8, NULL),
(333, 5, 2, 'B9', 1, 1, 9, 7, NULL),
(334, 5, 3, '56', 1, 1, 8, 8, NULL),
(335, 5, 3, '55', 1, 1, 8, 7, NULL),
(336, 5, 3, '54', 1, 1, 8, 6, NULL),
(337, 5, 3, '53', 1, 1, 8, 5, NULL),
(338, 5, 3, '52', 1, 1, 8, 4, NULL),
(339, 5, 3, '51', 1, 1, 8, 3, NULL),
(340, 5, 3, '50', 1, 1, 8, 2, NULL),
(341, 5, 3, '49', 1, 1, 8, 1, NULL),
(342, 5, 1, '65', 1, 1, 3, 8, NULL),
(343, 5, 1, '47', 1, 1, 3, 7, NULL),
(344, 5, 1, '46', 1, 1, 3, 6, NULL),
(345, 5, 1, '45', 1, 1, 3, 5, NULL),
(346, 5, 1, '44', 1, 1, 3, 4, NULL),
(347, 5, 1, '43', 1, 1, 3, 3, NULL),
(348, 5, 1, '14', 1, 1, 3, 2, NULL),
(349, 5, 1, '13', 1, 1, 3, 1, NULL),
(350, 5, 1, '42', 1, 1, 2, 8, NULL),
(351, 5, 1, '12', 1, 1, 2, 7, NULL),
(352, 5, 1, '11', 1, 1, 2, 6, NULL),
(353, 5, 1, '06', 1, 1, 2, 5, NULL),
(354, 5, 1, '05', 1, 1, 2, 4, NULL),
(355, 5, 1, '04', 1, 1, 2, 3, NULL),
(356, 5, 1, '03', 1, 1, 2, 2, NULL),
(357, 5, 1, '02', 1, 1, 2, 1, NULL),
(358, 6, 2, 'Y2', 2, 1, 45, 8, NULL),
(359, 6, 2, 'Y1', 2, 1, 45, 7, NULL),
(360, 6, 2, 'Y0', 2, 1, 45, 6, NULL),
(361, 6, 2, 'X9', 2, 1, 45, 5, NULL),
(362, 6, 2, 'X8', 2, 1, 45, 4, NULL),
(363, 6, 2, 'X7', 2, 1, 45, 3, NULL),
(364, 6, 2, 'X6', 2, 1, 45, 2, NULL),
(365, 6, 2, 'X5', 2, 1, 45, 1, NULL),
(366, 6, 2, 'X4', 2, 1, 41, 8, NULL),
(367, 6, 2, 'X3', 2, 1, 41, 7, NULL),
(368, 6, 2, 'W5', 2, 1, 41, 6, NULL),
(369, 6, 2, 'W4', 2, 1, 41, 5, NULL),
(370, 6, 2, 'W3', 2, 1, 41, 4, NULL),
(371, 6, 2, 'W2', 2, 1, 41, 3, NULL),
(372, 6, 2, 'W1', 2, 1, 41, 2, NULL),
(373, 6, 2, 'W0', 2, 1, 41, 1, NULL),
(374, 6, 2, 'V9', 2, 1, 37, 8, NULL),
(375, 6, 2, 'V4', 2, 1, 37, 7, NULL),
(376, 6, 2, 'V3', 2, 1, 37, 6, NULL),
(377, 6, 2, 'V2', 2, 1, 37, 5, NULL),
(378, 6, 2, 'V1', 2, 1, 37, 4, NULL),
(379, 6, 2, 'V0', 2, 1, 37, 3, NULL),
(380, 6, 2, 'U9', 2, 1, 37, 2, NULL),
(381, 6, 2, 'U8', 2, 1, 37, 1, NULL),
(382, 6, 2, 'T9', 2, 1, 35, 8, NULL),
(383, 6, 2, 'T8', 2, 1, 35, 7, NULL),
(384, 6, 2, 'T7', 2, 1, 35, 6, NULL),
(385, 6, 2, 'T6', 2, 1, 35, 5, NULL),
(386, 6, 2, 'T5', 2, 1, 35, 4, NULL),
(387, 6, 2, 'T4', 2, 1, 35, 3, NULL),
(388, 6, 2, 'T3', 2, 1, 35, 2, NULL),
(389, 6, 2, 'T2', 2, 1, 35, 1, NULL),
(390, 6, 2, 'T1', 2, 1, 33, 8, NULL),
(391, 6, 2, 'T0', 2, 1, 33, 7, NULL),
(392, 6, 2, 'S9', 2, 1, 33, 6, NULL),
(393, 6, 2, 'S8', 2, 1, 33, 5, NULL),
(394, 6, 2, 'S7', 2, 1, 33, 4, NULL),
(395, 6, 2, 'S6', 2, 1, 33, 3, NULL),
(396, 6, 2, 'S3', 2, 1, 33, 2, NULL),
(397, 6, 2, 'S2', 2, 1, 33, 1, NULL),
(398, 6, 2, 'S1', 2, 1, 19, 8, NULL),
(399, 6, 2, 'S0', 2, 1, 19, 7, NULL),
(400, 6, 2, 'R9', 2, 1, 19, 6, NULL),
(401, 6, 2, 'R7', 2, 1, 19, 5, NULL),
(402, 6, 2, 'R6', 2, 1, 19, 4, NULL),
(403, 6, 2, 'R5', 2, 1, 19, 3, NULL),
(404, 6, 2, 'N7', 2, 1, 19, 2, NULL),
(405, 6, 2, 'N6', 2, 1, 19, 1, NULL),
(406, 6, 2, 'M2', 2, 1, 15, 8, NULL),
(407, 6, 2, 'M1', 2, 1, 15, 7, NULL),
(408, 6, 2, 'M0', 2, 1, 15, 6, NULL),
(409, 6, 2, 'L9', 2, 1, 15, 5, NULL),
(410, 6, 2, 'L8', 2, 1, 15, 4, NULL),
(411, 6, 2, 'L7', 2, 1, 15, 3, NULL),
(412, 6, 2, 'L6', 2, 1, 15, 2, NULL),
(413, 6, 2, 'L5', 2, 1, 15, 1, NULL),
(414, 6, 1, 'K5', 2, 1, 9, 8, NULL),
(415, 6, 1, 'K4', 2, 1, 9, 7, NULL),
(416, 6, 1, 'K3', 2, 1, 9, 6, NULL),
(417, 6, 1, 'K2', 2, 1, 9, 5, NULL),
(418, 6, 1, 'K1', 2, 1, 9, 4, NULL),
(419, 6, 1, 'K0', 2, 1, 9, 3, NULL),
(420, 6, 1, 'J9', 2, 1, 9, 2, NULL),
(421, 6, 1, 'J8', 2, 1, 9, 1, NULL),
(422, 6, 1, 'J7', 2, 1, 7, 8, NULL),
(423, 6, 1, 'J6', 2, 1, 7, 7, NULL),
(424, 6, 1, 'J5', 2, 1, 7, 6, NULL),
(425, 6, 1, 'J4', 2, 1, 7, 5, NULL),
(426, 6, 1, 'J3', 2, 1, 7, 4, NULL),
(427, 6, 1, 'J2', 2, 1, 7, 3, NULL),
(428, 6, 1, 'J1', 2, 1, 7, 2, NULL),
(429, 6, 1, 'J0', 2, 1, 7, 1, NULL),
(430, 6, 1, 'I9', 2, 1, 5, 8, NULL),
(431, 6, 1, 'I8', 2, 1, 5, 7, NULL),
(432, 6, 1, 'I7', 2, 1, 5, 6, NULL),
(433, 6, 1, 'I6', 2, 1, 5, 5, NULL),
(434, 6, 1, 'I5', 2, 1, 5, 4, NULL),
(435, 6, 1, 'I4', 2, 1, 5, 3, NULL),
(436, 6, 1, 'I3', 2, 1, 5, 2, NULL),
(437, 6, 1, 'I2', 2, 1, 5, 1, NULL),
(438, 6, 1, 'I1', 2, 1, 3, 8, NULL),
(439, 6, 1, 'I0', 2, 1, 3, 7, NULL),
(440, 6, 1, 'H9', 2, 1, 3, 6, NULL),
(441, 6, 1, 'H8', 2, 1, 3, 5, NULL),
(442, 6, 1, 'H7', 2, 1, 3, 4, NULL),
(443, 6, 1, 'H6', 2, 1, 3, 3, NULL),
(444, 6, 1, 'H5', 2, 1, 3, 2, NULL),
(445, 6, 1, 'H4', 2, 1, 3, 1, NULL),
(446, 6, 2, 'Q8', 1, 2, 5, 8, NULL),
(447, 6, 1, 'H2', 1, 2, 5, 7, NULL),
(448, 6, 1, 'H1', 1, 2, 5, 6, NULL),
(449, 6, 1, 'H0', 1, 2, 5, 5, NULL),
(450, 6, 1, 'G9', 1, 2, 5, 4, NULL),
(451, 6, 1, 'G8', 1, 2, 5, 3, NULL),
(452, 6, 1, 'G7', 1, 2, 5, 2, NULL),
(453, 6, 1, 'G6', 1, 2, 5, 1, NULL),
(454, 6, 1, 'G5', 1, 2, 3, 8, NULL),
(455, 6, 1, 'G4', 1, 2, 3, 7, NULL),
(456, 6, 1, 'G3', 1, 2, 3, 6, NULL),
(457, 6, 1, 'G2', 1, 2, 3, 5, NULL),
(458, 6, 1, 'G1', 1, 2, 3, 4, NULL),
(459, 6, 1, 'G0', 1, 2, 3, 3, NULL),
(460, 6, 1, 'F9', 1, 2, 3, 2, NULL),
(461, 6, 1, 'F8', 1, 2, 3, 1, NULL),
(462, 6, 2, 'F5', 1, 2, 1, 6, NULL),
(463, 6, 2, 'F4', 1, 2, 1, 5, NULL),
(464, 6, 2, 'F3', 1, 2, 1, 4, NULL),
(465, 6, 2, 'F2', 1, 2, 1, 3, NULL),
(466, 6, 2, 'F1', 1, 2, 1, 2, NULL),
(467, 6, 2, 'F0', 1, 2, 1, 1, NULL),
(468, 6, 3, 'C4', 1, 1, 17, 8, NULL),
(469, 6, 3, 'C3', 1, 1, 17, 7, NULL),
(470, 6, 3, 'C2', 1, 1, 17, 6, NULL),
(471, 6, 3, 'C1', 1, 1, 17, 5, NULL),
(472, 6, 3, 'C0', 1, 1, 17, 4, NULL),
(473, 6, 3, 'B9', 1, 1, 17, 3, NULL),
(474, 6, 3, 'B8', 1, 1, 17, 2, NULL),
(475, 6, 3, 'B7', 1, 1, 17, 1, NULL),
(476, 6, 3, 'B6', 1, 1, 16, 8, NULL),
(477, 6, 3, 'B5', 1, 1, 16, 7, NULL),
(478, 6, 3, 'B4', 1, 1, 16, 6, NULL),
(479, 6, 3, 'B3', 1, 1, 16, 5, NULL),
(480, 6, 3, 'B2', 1, 1, 16, 4, NULL),
(481, 6, 3, 'B1', 1, 1, 16, 3, NULL),
(482, 6, 3, 'B0', 1, 1, 16, 2, NULL),
(483, 6, 3, 'A9', 1, 1, 16, 1, NULL),
(484, 6, 1, 'E8', 1, 1, 15, 8, NULL),
(485, 6, 1, 'E7', 1, 1, 15, 7, NULL),
(486, 6, 1, 'E6', 1, 1, 15, 6, NULL),
(487, 6, 1, 'E5', 1, 1, 15, 5, NULL),
(488, 6, 1, 'E4', 1, 1, 15, 4, NULL),
(489, 6, 1, 'E3', 1, 1, 15, 3, NULL),
(490, 6, 1, 'A3', 1, 1, 15, 2, NULL),
(491, 6, 1, 'A2', 1, 1, 15, 1, NULL),
(492, 6, 1, 'A1', 1, 1, 10, 8, NULL),
(493, 6, 1, '72', 1, 1, 10, 7, NULL),
(494, 6, 1, '71', 1, 1, 10, 6, NULL),
(495, 6, 1, '70', 1, 1, 10, 5, NULL),
(496, 6, 1, '69', 1, 1, 10, 4, NULL),
(497, 6, 1, '68', 1, 1, 10, 3, NULL),
(498, 6, 1, '67', 1, 1, 10, 2, NULL),
(499, 6, 1, '66', 1, 1, 10, 1, NULL),
(500, 6, 2, 'M4', 1, 1, 9, 8, NULL),
(501, 6, 2, 'M3', 1, 1, 9, 7, NULL),
(502, 6, 1, '65', 1, 1, 8, 8, NULL),
(503, 6, 1, '64', 1, 1, 8, 7, NULL),
(504, 6, 1, '63', 1, 1, 8, 6, NULL),
(505, 6, 1, '62', 1, 1, 8, 5, NULL),
(506, 6, 1, '61', 1, 1, 8, 4, NULL),
(507, 6, 1, '47', 1, 1, 8, 3, NULL),
(508, 6, 1, '46', 1, 1, 8, 2, NULL),
(509, 6, 1, '45', 1, 1, 8, 1, NULL),
(510, 6, 1, '44', 1, 1, 7, 8, NULL),
(511, 6, 1, '43', 1, 1, 7, 7, NULL),
(512, 6, 1, '42', 1, 1, 7, 6, NULL),
(513, 6, 1, '36', 1, 1, 7, 5, NULL),
(514, 6, 1, '35', 1, 1, 7, 4, NULL),
(515, 6, 1, '34', 1, 1, 7, 3, NULL),
(516, 6, 1, '33', 1, 1, 7, 2, NULL),
(517, 6, 1, '32', 1, 1, 7, 1, NULL),
(518, 6, 1, '31', 1, 1, 3, 8, NULL),
(519, 6, 1, '30', 1, 1, 3, 7, NULL),
(520, 6, 1, '29', 1, 1, 3, 6, NULL),
(521, 6, 1, '28', 1, 1, 3, 5, NULL),
(522, 6, 1, '27', 1, 1, 3, 4, NULL),
(523, 6, 1, '13', 1, 1, 3, 3, NULL),
(524, 6, 1, '12', 1, 1, 3, 2, NULL),
(525, 6, 1, '11', 1, 1, 3, 1, NULL),
(526, 6, 1, '10', 1, 1, 2, 8, 1),
(527, 6, 1, '08', 1, 1, 2, 7, 1),
(528, 6, 1, '07', 1, 1, 2, 6, 1),
(529, 6, 1, '06', 1, 1, 2, 5, 1),
(530, 6, 1, '05', 1, 1, 2, 4, 1),
(531, 6, 1, '04', 1, 1, 2, 3, 1),
(532, 6, 1, '03', 1, 1, 2, 2, 1),
(533, 6, 1, '02', 1, 1, 2, 1, 1),
(534, 7, 2, 'D5', 1, 2, 33, 8, NULL),
(535, 7, 2, 'D4', 1, 2, 33, 7, NULL),
(536, 7, 2, 'D3', 1, 2, 33, 6, NULL),
(537, 7, 2, 'D2', 1, 2, 33, 5, NULL),
(538, 7, 2, 'D1', 1, 2, 33, 4, NULL),
(539, 7, 2, 'D0', 1, 2, 33, 3, NULL),
(540, 7, 2, 'C9', 1, 2, 33, 2, NULL),
(541, 7, 2, 'C8', 1, 2, 33, 1, NULL),
(542, 7, 2, 'C7', 1, 2, 31, 8, NULL),
(543, 7, 2, 'C6', 1, 2, 31, 7, NULL),
(544, 7, 2, 'C5', 1, 2, 31, 6, NULL),
(545, 7, 2, 'C4', 1, 2, 31, 5, NULL),
(546, 7, 2, 'C3', 1, 2, 31, 4, NULL),
(547, 7, 2, 'C1', 1, 2, 31, 3, NULL),
(548, 7, 2, 'C0', 1, 2, 31, 2, NULL),
(549, 7, 2, 'B9', 1, 2, 31, 1, NULL),
(550, 7, 2, 'B8', 1, 2, 17, 8, NULL),
(551, 7, 2, 'B6', 1, 2, 17, 7, NULL),
(552, 7, 2, 'B5', 1, 2, 17, 6, NULL),
(553, 7, 2, 'A8', 1, 2, 17, 5, NULL),
(554, 7, 2, 'A7', 1, 2, 17, 4, NULL),
(555, 7, 2, '95', 1, 2, 17, 3, NULL),
(556, 7, 2, '94', 1, 2, 17, 2, NULL),
(557, 7, 2, '88', 1, 2, 17, 1, NULL),
(558, 7, 1, '87', 1, 2, 15, 8, NULL),
(559, 7, 1, '86', 1, 2, 15, 7, NULL),
(560, 7, 1, '85', 1, 2, 15, 6, NULL),
(561, 7, 1, '84', 1, 2, 15, 5, NULL),
(562, 7, 1, '83', 1, 2, 15, 4, NULL),
(563, 7, 1, '82', 1, 2, 15, 3, NULL),
(564, 7, 1, '81', 1, 2, 15, 2, NULL),
(565, 7, 1, '80', 1, 2, 15, 1, NULL),
(566, 7, 1, '79', 1, 2, 13, 8, NULL),
(567, 7, 1, '78', 1, 2, 13, 7, NULL),
(568, 7, 1, '77', 1, 2, 13, 6, NULL),
(569, 7, 1, '76', 1, 2, 13, 5, NULL),
(570, 7, 1, '75', 1, 2, 13, 4, NULL),
(571, 7, 1, '74', 1, 2, 13, 3, NULL),
(572, 7, 1, '73', 1, 2, 13, 2, NULL),
(573, 7, 1, '72', 1, 2, 13, 1, NULL),
(574, 7, 2, 'B2', 1, 2, 11, 8, NULL),
(575, 7, 2, 'B1', 1, 2, 11, 7, NULL),
(576, 7, 2, 'B0', 1, 2, 11, 6, NULL),
(577, 7, 2, 'A9', 1, 2, 11, 5, NULL),
(578, 7, 3, '62', 1, 2, 11, 4, NULL),
(579, 7, 3, '61', 1, 2, 11, 3, NULL),
(580, 7, 3, '60', 1, 2, 11, 2, NULL),
(581, 7, 3, '59', 1, 2, 11, 1, NULL),
(582, 7, 2, 'D6', 1, 2, 9, 5, NULL),
(583, 7, 1, '71', 1, 2, 5, 8, NULL),
(584, 7, 1, '70', 1, 2, 5, 7, NULL),
(585, 7, 1, '69', 1, 2, 5, 6, NULL),
(586, 7, 1, '68', 1, 2, 5, 5, NULL),
(587, 7, 1, '67', 1, 2, 5, 4, NULL),
(588, 7, 1, '39', 1, 2, 5, 3, NULL),
(589, 7, 1, '38', 1, 2, 5, 2, NULL),
(590, 7, 1, '37', 1, 2, 5, 1, NULL),
(591, 7, 1, '36', 1, 1, 4, 8, NULL),
(592, 7, 1, '35', 1, 1, 4, 7, NULL),
(593, 7, 1, '34', 1, 1, 4, 6, NULL),
(594, 7, 1, '20', 1, 1, 4, 5, NULL),
(595, 7, 1, '22', 1, 1, 4, 4, NULL),
(596, 7, 1, '21', 1, 1, 4, 3, NULL),
(597, 7, 1, '14', 1, 1, 4, 2, 2),
(598, 7, 1, '13', 1, 1, 4, 1, 2),
(599, 7, 1, '12', 1, 1, 2, 7, NULL),
(600, 7, 1, '11', 1, 1, 2, 6, NULL),
(601, 7, 1, '10', 1, 1, 2, 5, NULL),
(602, 7, 1, '05', 1, 1, 2, 4, NULL),
(603, 7, 1, '03', 1, 1, 2, 3, NULL),
(604, 7, 1, '02', 1, 1, 2, 2, NULL),
(605, 7, 1, '01', 1, 1, 2, 1, NULL),
(606, 8, 2, 'F9', 3, 2, 6, 3, NULL),
(607, 8, 2, 'F8', 3, 2, 6, 2, NULL),
(608, 8, 2, 'F7', 3, 2, 6, 1, NULL),
(609, 8, 2, 'D5', 3, 2, 4, 8, NULL),
(610, 8, 2, 'D4', 3, 2, 4, 7, NULL),
(611, 8, 2, 'D3', 3, 2, 4, 6, NULL),
(612, 8, 2, 'D2', 3, 2, 4, 5, NULL),
(613, 8, 2, 'D1', 3, 2, 4, 4, NULL),
(614, 8, 2, 'D0', 3, 2, 4, 3, NULL),
(615, 8, 2, 'C9', 3, 2, 4, 2, NULL),
(616, 8, 2, 'C8', 3, 2, 4, 1, NULL),
(617, 8, 2, 'F6', 3, 1, 5, 8, NULL),
(618, 8, 2, 'F5', 3, 1, 5, 7, NULL),
(619, 8, 2, 'F4', 3, 1, 5, 6, NULL),
(620, 8, 2, 'F3', 3, 1, 5, 5, NULL),
(621, 8, 2, 'F2', 3, 1, 5, 4, NULL),
(622, 8, 2, 'E8', 3, 1, 5, 3, NULL),
(623, 8, 2, 'E7', 3, 1, 5, 2, NULL),
(624, 8, 2, 'E6', 3, 1, 5, 1, NULL),
(625, 8, 2, 'A7', 3, 1, 1, 8, NULL),
(626, 8, 2, 'B0', 3, 1, 1, 7, NULL),
(627, 8, 2, 'A9', 3, 1, 1, 6, NULL),
(628, 8, 2, 'A8', 3, 1, 1, 5, NULL),
(629, 8, 2, 'A6', 3, 1, 1, 4, NULL),
(630, 8, 2, 'A5', 3, 1, 1, 3, NULL),
(631, 8, 2, 'A2', 3, 1, 1, 2, NULL),
(632, 8, 2, 'A1', 3, 1, 1, 1, NULL),
(633, 8, 2, 'A4', 2, 1, 12, 8, NULL),
(634, 8, 2, 'A3', 2, 1, 12, 7, NULL),
(635, 8, 2, 'A0', 2, 1, 12, 6, NULL),
(636, 8, 2, '99', 2, 1, 12, 5, NULL),
(637, 8, 2, '98', 2, 1, 12, 4, NULL),
(638, 8, 2, '97', 2, 1, 12, 3, NULL),
(639, 8, 2, '96', 2, 1, 12, 2, NULL),
(640, 8, 2, '95', 2, 1, 12, 1, NULL),
(641, 8, 2, '90', 2, 1, 10, 8, NULL),
(642, 8, 2, '89', 2, 1, 10, 7, NULL),
(643, 8, 2, '88', 2, 1, 10, 6, NULL),
(644, 8, 2, '87', 2, 1, 10, 5, NULL),
(645, 8, 2, '86', 2, 1, 10, 4, NULL),
(646, 8, 2, '85', 2, 1, 10, 3, NULL),
(647, 8, 2, '84', 2, 1, 10, 2, NULL),
(648, 8, 2, '83', 2, 1, 10, 1, NULL),
(649, 8, 2, 'C6', 2, 1, 8, 8, NULL),
(650, 8, 2, 'C5', 2, 1, 8, 7, NULL),
(651, 8, 2, 'C4', 2, 1, 8, 6, NULL),
(652, 8, 2, 'C3', 2, 1, 8, 5, NULL),
(653, 8, 2, 'C2', 2, 1, 8, 4, NULL),
(654, 8, 2, '77', 2, 1, 8, 3, NULL),
(655, 8, 2, '76', 2, 1, 8, 2, NULL),
(656, 8, 2, '75', 2, 1, 8, 1, NULL),
(657, 8, 2, 'E1', 2, 1, 4, 5, NULL),
(658, 8, 2, 'B1', 2, 1, 4, 4, NULL),
(659, 8, 2, '94', 2, 1, 4, 3, NULL),
(660, 8, 2, '91', 2, 1, 4, 2, NULL),
(661, 8, 2, '66', 2, 1, 4, 1, NULL),
(662, 8, 2, 'C1', 2, 1, 2, 8, NULL),
(663, 8, 2, 'C0', 2, 1, 2, 7, NULL),
(664, 8, 2, '82', 2, 1, 2, 6, NULL),
(665, 8, 2, '81', 2, 1, 2, 5, NULL),
(666, 8, 2, '80', 2, 1, 2, 4, NULL),
(667, 8, 2, '65', 2, 1, 2, 3, NULL),
(668, 8, 2, '64', 2, 1, 2, 2, NULL),
(669, 8, 2, '63', 2, 1, 2, 1, NULL),
(670, 8, 2, '93', 1, 1, 18, 4, NULL),
(671, 8, 2, '92', 1, 1, 18, 3, NULL),
(672, 8, 2, '79', 1, 1, 18, 2, NULL),
(673, 8, 2, '78', 1, 1, 18, 1, NULL),
(674, 8, 2, '74', 1, 1, 17, 4, NULL),
(675, 8, 2, '73', 1, 1, 17, 3, NULL),
(676, 8, 2, '62', 1, 1, 17, 2, NULL),
(677, 8, 2, '61', 1, 1, 17, 1, NULL),
(678, 8, 1, '57', 1, 1, 14, 4, NULL),
(679, 8, 1, '56', 1, 1, 14, 3, NULL),
(680, 8, 1, '54', 1, 1, 14, 2, NULL),
(681, 8, 1, '53', 1, 1, 14, 1, NULL),
(682, 8, 1, '52', 1, 1, 13, 4, NULL),
(683, 8, 1, '51', 1, 1, 13, 3, NULL),
(684, 8, 1, '50', 1, 1, 13, 2, NULL),
(685, 8, 1, '49', 1, 1, 13, 1, NULL),
(686, 8, 1, '48', 1, 1, 6, 8, NULL),
(687, 8, 1, '24', 1, 1, 6, 7, NULL),
(688, 8, 1, '23', 1, 1, 6, 6, NULL),
(689, 8, 1, '22', 1, 1, 6, 5, NULL),
(690, 8, 1, '21', 1, 1, 6, 4, NULL),
(691, 8, 1, '20', 1, 1, 6, 3, NULL),
(692, 8, 1, '19', 1, 1, 6, 2, NULL),
(693, 8, 1, '18', 1, 1, 6, 1, NULL),
(694, 8, 1, '17', 1, 1, 5, 8, NULL),
(695, 8, 1, '16', 1, 1, 5, 7, NULL),
(696, 8, 1, '15', 1, 1, 5, 6, NULL),
(697, 8, 1, '14', 1, 1, 5, 5, NULL),
(698, 8, 1, '13', 1, 1, 5, 4, NULL),
(699, 8, 1, '12', 1, 1, 5, 3, NULL),
(700, 8, 1, '11', 1, 1, 5, 2, NULL),
(701, 8, 1, '10', 1, 1, 5, 1, NULL),
(702, 1, 2, 'M3', 2, 1, 21, 8, NULL),
(703, 1, 2, 'M2', 2, 1, 21, 7, NULL),
(704, 1, 2, 'M1', 2, 1, 21, 6, NULL),
(705, 1, 2, 'L0', 2, 1, 21, 5, NULL),
(706, 1, 2, 'L9', 2, 1, 21, 4, NULL),
(707, 1, 2, 'L8', 2, 1, 21, 3, NULL),
(708, 1, 2, 'L7', 2, 1, 21, 2, NULL),
(709, 1, 2, 'L6', 2, 1, 21, 1, NULL),
(710, 1, 2, 'N1', 2, 1, 19, 8, NULL),
(711, 1, 2, 'M0', 2, 1, 19, 7, NULL),
(712, 1, 2, 'M9', 2, 1, 19, 6, NULL),
(713, 1, 2, 'M8', 2, 1, 19, 5, NULL),
(714, 1, 2, 'M7', 2, 1, 19, 4, NULL),
(715, 1, 2, 'M6', 2, 1, 19, 3, NULL),
(716, 1, 2, 'M5', 2, 1, 19, 2, NULL),
(717, 1, 2, 'M4', 2, 1, 19, 1, NULL),
(718, 1, 2, 'N9', 2, 1, 17, 8, NULL),
(719, 1, 2, 'N8', 2, 1, 17, 7, NULL),
(720, 1, 2, 'N7', 2, 1, 17, 6, NULL),
(721, 1, 2, 'N6', 2, 1, 17, 5, NULL),
(722, 1, 2, 'N5', 2, 1, 17, 4, NULL),
(723, 1, 2, 'N4', 2, 1, 17, 3, NULL),
(724, 1, 2, 'N3', 2, 1, 17, 2, NULL),
(725, 1, 2, 'N2', 2, 1, 17, 1, NULL),
(726, 1, 2, 'P7', 2, 1, 15, 8, NULL),
(727, 1, 2, 'P6', 2, 1, 15, 7, NULL),
(728, 1, 2, 'P5', 2, 1, 15, 6, NULL),
(729, 1, 2, 'P4', 2, 1, 15, 5, NULL),
(730, 1, 2, 'P3', 2, 1, 15, 4, NULL),
(731, 1, 2, 'P2', 2, 1, 15, 3, NULL),
(732, 1, 2, 'P1', 2, 1, 15, 2, NULL),
(733, 1, 2, 'P0', 2, 1, 15, 1, NULL),
(734, 1, 2, 'Q5', 2, 1, 13, 8, NULL),
(735, 1, 2, 'Q4', 2, 1, 13, 7, NULL),
(736, 1, 2, 'Q3', 2, 1, 13, 6, NULL),
(737, 1, 2, 'Q2', 2, 1, 13, 5, NULL),
(738, 1, 2, 'Q1', 2, 1, 13, 4, NULL),
(739, 1, 2, 'P0', 2, 1, 13, 3, NULL),
(740, 1, 2, 'P9', 2, 1, 13, 2, NULL),
(741, 1, 2, 'P8', 2, 1, 13, 1, NULL),
(742, 1, 2, 'R3', 2, 1, 11, 8, NULL),
(743, 1, 2, 'R2', 2, 1, 11, 7, NULL),
(744, 1, 2, 'R1', 2, 1, 11, 6, NULL),
(745, 1, 2, 'Q0', 2, 1, 11, 5, NULL),
(746, 1, 2, 'Q9', 2, 1, 11, 4, NULL),
(747, 1, 2, 'Q8', 2, 1, 11, 3, NULL),
(748, 1, 2, 'Q7', 2, 1, 11, 2, NULL),
(749, 1, 2, 'Q6', 2, 1, 11, 1, NULL),
(750, 1, 2, 'R5', 2, 1, 9, 2, NULL),
(751, 1, 2, 'R4', 2, 1, 9, 1, NULL),
(752, 1, 2, 'L5', 1, 1, 50, 8, NULL),
(753, 1, 2, 'L4', 1, 1, 50, 7, NULL),
(754, 1, 2, 'L3', 1, 1, 50, 6, NULL),
(755, 1, 2, 'L2', 1, 1, 50, 5, NULL),
(756, 1, 2, 'L1', 1, 1, 50, 4, NULL),
(757, 1, 2, 'K0', 1, 1, 50, 3, NULL),
(758, 1, 2, 'K9', 1, 1, 50, 2, NULL),
(759, 1, 2, 'K8', 1, 1, 50, 1, NULL),
(760, 1, 2, 'K7', 1, 1, 48, 8, NULL),
(761, 1, 2, 'K6', 1, 1, 48, 7, NULL),
(762, 1, 2, 'K5', 1, 1, 48, 6, NULL),
(763, 1, 2, 'K4', 1, 1, 48, 5, NULL),
(764, 1, 2, 'K3', 1, 1, 48, 4, NULL),
(765, 1, 2, 'K2', 1, 1, 48, 3, NULL),
(766, 1, 2, 'K1', 1, 1, 48, 2, NULL),
(767, 1, 2, 'J0', 1, 1, 48, 1, NULL),
(768, 1, 2, 'J9', 1, 1, 46, 8, NULL),
(769, 1, 2, 'J8', 1, 1, 46, 7, NULL),
(770, 1, 2, 'J7', 1, 1, 46, 6, NULL),
(771, 1, 2, 'J6', 1, 1, 46, 5, NULL),
(772, 1, 2, 'J5', 1, 1, 46, 4, NULL),
(773, 1, 2, 'J4', 1, 1, 46, 3, NULL),
(774, 1, 2, 'J3', 1, 1, 46, 2, NULL),
(775, 1, 2, 'J2', 1, 1, 46, 1, NULL),
(776, 1, 2, 'J1', 1, 1, 44, 8, NULL),
(777, 1, 2, 'H0', 1, 1, 44, 7, NULL),
(778, 1, 2, 'H9', 1, 1, 44, 6, NULL),
(779, 1, 2, 'H8', 1, 1, 44, 5, NULL),
(780, 1, 2, 'H7', 1, 1, 44, 4, NULL),
(781, 1, 2, 'H6', 1, 1, 44, 3, NULL),
(782, 1, 2, 'H5', 1, 1, 44, 2, NULL),
(783, 1, 2, 'H4', 1, 1, 44, 1, NULL),
(784, 1, 2, 'H3', 1, 1, 42, 8, NULL),
(785, 1, 2, 'H2', 1, 1, 42, 7, NULL),
(786, 1, 2, 'H1', 1, 1, 42, 6, NULL),
(787, 1, 2, 'G0', 1, 1, 42, 5, NULL),
(788, 1, 2, 'G9', 1, 1, 42, 4, NULL),
(789, 1, 2, 'G8', 1, 1, 42, 3, NULL),
(790, 1, 2, 'G7', 1, 1, 42, 2, NULL),
(791, 1, 2, 'G6', 1, 1, 42, 1, NULL),
(792, 1, 2, 'G4', 1, 1, 40, 8, NULL),
(793, 1, 2, 'G4', 1, 1, 40, 7, NULL),
(794, 1, 2, 'G3', 1, 1, 40, 6, NULL),
(795, 1, 2, 'G2', 1, 1, 40, 5, NULL),
(796, 1, 2, 'G1', 1, 1, 40, 4, NULL),
(797, 1, 2, 'F0', 1, 1, 40, 3, NULL),
(798, 1, 2, 'F9', 1, 1, 40, 2, NULL),
(799, 1, 2, 'F8', 1, 1, 40, 1, NULL),
(800, 1, 2, 'E9', 1, 1, 37, 7, NULL),
(801, 4, 2, 'B6', 2, 1, 5, 3, NULL),
(802, 4, 2, 'B5', 2, 1, 5, 2, NULL),
(803, 4, 2, 'B4', 2, 1, 5, 1, NULL),
(804, 4, 2, 'C8', 2, 1, 1, 8, NULL),
(805, 4, 2, 'C4', 2, 1, 1, 7, NULL),
(806, 4, 2, 'C3', 2, 1, 1, 6, NULL),
(807, 4, 2, 'C2', 2, 1, 1, 5, NULL),
(808, 4, 2, 'A5', 2, 1, 1, 4, NULL),
(809, 4, 2, 'A4', 2, 1, 1, 3, NULL),
(810, 4, 2, 'A3', 2, 1, 1, 2, NULL),
(811, 4, 2, 'A2', 2, 1, 1, 1, NULL),
(812, 4, 2, 'B8', 1, 1, 8, 8, NULL),
(813, 4, 1, '92', 1, 1, 8, 7, NULL),
(814, 4, 1, '91', 1, 1, 8, 6, NULL),
(815, 4, 2, 'A7', 1, 1, 8, 5, NULL),
(816, 4, 2, 'A6', 1, 1, 8, 4, NULL),
(817, 4, 1, '77', 1, 1, 8, 3, NULL),
(818, 4, 1, '76', 1, 1, 8, 2, NULL),
(819, 4, 1, '75', 1, 1, 8, 1, NULL),
(820, 4, 1, '72', 1, 1, 7, 8, 1),
(821, 4, 1, '71', 1, 1, 7, 7, 1),
(822, 4, 1, '70', 1, 1, 7, 6, 1),
(823, 4, 1, '65', 1, 1, 7, 5, 1),
(824, 4, 1, '64', 1, 1, 7, 4, 1),
(825, 4, 1, '63', 1, 1, 7, 3, 1),
(826, 4, 1, '26', 1, 1, 7, 2, 1),
(827, 4, 1, '25', 1, 1, 7, 1, 1),
(828, 4, 1, '35', 1, 1, 4, 8, 1),
(829, 4, 1, '34', 1, 1, 4, 7, 1),
(830, 4, 1, '33', 1, 1, 4, 6, 1),
(831, 4, 1, '17', 1, 1, 4, 5, 1),
(832, 4, 1, '16', 1, 1, 4, 4, 1),
(833, 4, 1, '15', 1, 1, 4, 3, 1),
(834, 4, 1, '14', 1, 1, 4, 2, 1),
(835, 4, 1, '13', 1, 1, 4, 1, 1),
(836, 4, 1, '32', 1, 1, 2, 8, 1),
(837, 4, 1, '12', 1, 1, 2, 7, 1),
(838, 4, 1, '07', 1, 1, 2, 6, 1),
(839, 4, 1, '06', 1, 1, 2, 5, 1),
(840, 4, 1, '05', 1, 1, 2, 4, 1),
(841, 4, 1, '03', 1, 1, 2, 3, 1),
(842, 4, 1, '02', 1, 1, 2, 2, 2),
(843, 4, 1, '01', 1, 1, 2, 1, 2),
(844, 9, 2, 'E7', 1, 1, 23, 8, NULL),
(845, 9, 2, 'E6', 1, 1, 23, 7, NULL),
(846, 9, 2, 'E5', 1, 1, 23, 6, NULL),
(847, 9, 2, 'E4', 1, 1, 23, 5, NULL),
(848, 9, 2, 'E3', 1, 1, 23, 4, NULL),
(849, 9, 2, 'E2', 1, 1, 23, 3, NULL),
(850, 9, 2, 'E1', 1, 1, 23, 2, NULL),
(851, 9, 2, 'E0', 1, 1, 23, 1, NULL),
(852, 9, 2, 'D9', 1, 1, 22, 8, NULL),
(853, 9, 2, 'D8', 1, 1, 22, 7, NULL),
(854, 9, 2, 'D7', 1, 1, 22, 6, NULL),
(855, 9, 2, 'D6', 1, 1, 22, 5, NULL),
(856, 9, 2, 'D5', 1, 1, 22, 4, NULL),
(857, 9, 2, 'D4', 1, 1, 22, 3, NULL),
(858, 9, 2, 'D3', 1, 1, 22, 2, NULL),
(859, 9, 2, 'D2', 1, 1, 22, 1, NULL),
(860, 9, 2, 'C5', 1, 1, 20, 2, NULL),
(861, 9, 2, 'B8', 1, 1, 20, 1, NULL),
(862, 9, 2, 'D0', 1, 1, 19, 8, NULL),
(863, 9, 2, 'C9', 1, 1, 19, 7, NULL),
(864, 9, 2, 'C8', 1, 1, 19, 6, NULL),
(865, 9, 2, 'C7', 1, 1, 19, 5, NULL),
(866, 9, 2, 'C2', 1, 1, 19, 4, NULL),
(867, 9, 2, 'C1', 1, 1, 19, 3, NULL),
(868, 9, 2, 'C0', 1, 1, 19, 2, NULL),
(869, 9, 2, 'B3', 1, 1, 19, 1, NULL),
(870, 9, 2, 'B2', 1, 1, 14, 8, NULL),
(871, 9, 2, 'A0', 1, 1, 14, 7, NULL),
(872, 9, 2, '99', 1, 1, 14, 6, NULL),
(873, 9, 1, '94', 1, 1, 14, 5, NULL),
(874, 9, 1, '93', 1, 1, 14, 4, NULL),
(875, 9, 1, '92', 1, 1, 14, 3, NULL),
(876, 9, 1, '91', 1, 1, 14, 2, NULL),
(877, 9, 1, '90', 1, 1, 14, 1, NULL),
(878, 9, 1, '89', 1, 1, 13, 8, NULL),
(879, 9, 1, '88', 1, 1, 13, 7, NULL),
(880, 9, 1, '87', 1, 1, 13, 6, NULL),
(881, 9, 1, '86', 1, 1, 13, 5, NULL),
(882, 9, 1, '85', 1, 1, 13, 4, NULL),
(883, 9, 1, '84', 1, 1, 13, 3, NULL),
(884, 9, 1, '83', 1, 1, 13, 2, NULL),
(885, 9, 1, '82', 1, 1, 13, 1, NULL),
(886, 9, 2, 'B7', 1, 1, 9, 8, NULL),
(887, 9, 2, 'B6', 1, 1, 9, 7, NULL),
(888, 9, 2, 'B5', 1, 1, 9, 6, NULL),
(889, 9, 2, 'B4', 1, 1, 9, 5, NULL),
(890, 9, 3, '57', 1, 1, 9, 4, NULL),
(891, 9, 3, '56', 1, 1, 9, 3, NULL),
(892, 9, 3, '55', 1, 1, 9, 2, NULL),
(893, 9, 3, '54', 1, 1, 9, 1, NULL),
(894, 9, 1, '76', 1, 1, 8, 8, NULL),
(895, 9, 1, '75', 1, 1, 8, 7, NULL),
(896, 9, 1, '74', 1, 1, 8, 6, NULL),
(897, 9, 1, '73', 1, 1, 8, 5, NULL),
(898, 9, 1, '72', 1, 1, 8, 4, NULL),
(899, 9, 1, '71', 1, 1, 8, 3, NULL),
(900, 9, 1, '70', 1, 1, 8, 2, NULL),
(901, 9, 1, '51', 1, 1, 8, 1, NULL),
(902, 9, 2, 'C3', 1, 1, 7, 8, NULL),
(903, 9, 2, 'C4', 1, 1, 7, 7, NULL),
(904, 9, 2, '41', 1, 1, 7, 6, NULL),
(905, 9, 2, '40', 1, 1, 7, 5, NULL),
(906, 9, 2, '39', 1, 1, 7, 4, NULL),
(907, 9, 2, '38', 1, 1, 7, 3, NULL),
(908, 9, 2, '37', 1, 1, 7, 2, NULL),
(909, 9, 2, '36', 1, 1, 7, 1, NULL),
(910, 9, 1, '50', 1, 1, 4, 8, NULL),
(911, 9, 1, '35', 1, 1, 4, 7, NULL),
(912, 9, 1, '34', 1, 1, 4, 6, NULL),
(913, 9, 1, '33', 1, 1, 4, 5, NULL),
(914, 9, 1, '28', 1, 1, 4, 4, NULL),
(915, 9, 1, '27', 1, 1, 4, 3, NULL),
(916, 9, 1, '26', 1, 1, 4, 2, NULL),
(917, 9, 1, '13', 1, 1, 4, 1, NULL),
(918, 9, 1, '12', 1, 1, 2, 8, NULL),
(919, 9, 1, '11', 1, 1, 2, 7, NULL),
(920, 9, 1, '08', 1, 1, 2, 6, NULL),
(921, 9, 1, '06', 1, 1, 2, 5, NULL),
(922, 9, 1, '05', 1, 1, 2, 4, NULL),
(923, 9, 1, '04', 1, 1, 2, 3, NULL),
(924, 9, 1, '03', 1, 1, 2, 2, NULL),
(925, 9, 1, '02', 1, 1, 2, 1, NULL),
(926, 10, 2, 'D0', 1, 2, 27, 8, NULL),
(927, 10, 2, 'C9', 1, 2, 27, 7, NULL),
(928, 10, 2, 'B8', 1, 2, 27, 6, NULL),
(929, 10, 2, 'B7', 1, 2, 27, 5, NULL),
(930, 10, 2, 'B6', 1, 2, 27, 4, NULL),
(931, 10, 2, 'B5', 1, 2, 27, 3, NULL),
(932, 10, 2, 'B4', 1, 2, 27, 2, NULL),
(933, 10, 2, 'B3', 1, 2, 27, 1, NULL),
(934, 10, 2, 'B2', 1, 2, 25, 8, NULL),
(935, 10, 2, 'B1', 1, 2, 25, 7, NULL),
(936, 10, 2, 'B0', 1, 2, 25, 6, NULL),
(937, 10, 2, 'A9', 1, 2, 25, 5, NULL),
(938, 10, 2, 'A6', 1, 2, 25, 4, NULL),
(939, 10, 2, 'A5', 1, 2, 25, 3, NULL),
(940, 10, 2, 'A4', 1, 2, 25, 2, NULL),
(941, 10, 2, 'A3', 1, 2, 25, 1, NULL),
(942, 10, 2, 'A2', 1, 2, 13, 8, NULL),
(943, 10, 2, '95', 1, 2, 13, 7, NULL),
(944, 10, 2, '94', 1, 2, 13, 6, NULL),
(945, 10, 2, '86', 1, 2, 13, 5, NULL),
(946, 10, 2, '85', 1, 2, 13, 4, NULL),
(947, 10, 2, '84', 1, 2, 13, 3, NULL),
(948, 10, 2, '77', 1, 2, 13, 2, NULL),
(949, 10, 2, '76', 1, 2, 13, 1, NULL),
(950, 10, 1, '75', 1, 2, 11, 8, NULL),
(951, 10, 1, '74', 1, 2, 11, 7, NULL),
(952, 10, 1, '73', 1, 2, 11, 6, NULL),
(953, 10, 1, '72', 1, 2, 11, 5, NULL),
(954, 10, 1, '71', 1, 2, 11, 4, NULL),
(955, 10, 1, '70', 1, 2, 11, 3, NULL),
(956, 10, 1, '69', 1, 2, 11, 2, NULL),
(957, 10, 1, '68', 1, 2, 11, 1, NULL),
(958, 10, 2, '99', 1, 2, 9, 8, NULL),
(959, 10, 2, '98', 1, 2, 9, 7, NULL),
(960, 10, 2, '97', 1, 2, 9, 6, NULL),
(961, 10, 2, '96', 1, 2, 9, 5, NULL),
(962, 10, 3, '57', 1, 2, 9, 4, NULL),
(963, 10, 3, '56', 1, 2, 9, 3, NULL),
(964, 10, 3, '55', 1, 2, 9, 2, NULL),
(965, 10, 3, '54', 1, 2, 9, 1, NULL),
(966, 10, 5, '26', 1, 2, 3, 4, NULL),
(967, 10, 5, '25', 1, 2, 3, 3, NULL),
(968, 10, 5, '24', 1, 2, 3, 2, NULL),
(969, 10, 5, '23', 1, 2, 3, 1, NULL),
(970, 10, 1, '67', 1, 1, 8, 7, NULL),
(971, 10, 1, '66', 1, 1, 8, 6, NULL),
(972, 10, 1, '65', 1, 1, 8, 5, NULL),
(973, 10, 1, '64', 1, 1, 8, 4, NULL),
(974, 10, 1, '63', 1, 1, 8, 3, NULL),
(975, 10, 1, '62', 1, 1, 8, 2, NULL),
(976, 10, 1, '35', 1, 1, 8, 1, NULL),
(977, 10, 1, '34', 1, 1, 5, 7, NULL),
(978, 10, 1, '33', 1, 1, 5, 6, NULL),
(979, 10, 1, '31', 1, 1, 5, 5, NULL),
(980, 10, 1, '30', 1, 1, 5, 4, NULL),
(981, 10, 1, '29', 1, 1, 5, 3, NULL),
(982, 10, 1, '15', 1, 1, 5, 2, NULL),
(983, 10, 1, '14', 1, 1, 5, 1, NULL),
(984, 10, 1, '13', 1, 1, 2, 7, NULL),
(985, 10, 1, '11', 1, 1, 2, 6, NULL),
(986, 10, 1, '07', 1, 1, 2, 5, NULL),
(987, 10, 1, '06', 1, 1, 2, 4, NULL),
(988, 10, 1, '03', 1, 1, 2, 3, NULL),
(989, 10, 1, '02', 1, 1, 2, 2, NULL),
(990, 10, 1, '01', 1, 1, 2, 1, NULL),
(991, 11, 1, '50', 1, 2, 38, 8, NULL),
(992, 11, 1, '49', 1, 2, 38, 7, NULL),
(993, 11, 1, '48', 1, 2, 38, 6, NULL),
(994, 11, 1, '47', 1, 2, 38, 5, NULL),
(995, 11, 1, '46', 1, 2, 38, 4, NULL),
(996, 11, 1, '45', 1, 2, 38, 3, NULL),
(997, 11, 1, '35', 1, 2, 38, 2, NULL),
(998, 11, 1, '34', 1, 2, 38, 1, NULL),
(999, 11, 1, '89', 1, 2, 36, 8, NULL),
(1000, 11, 1,'88', 1, 2, 36, 7, NULL),
(1001, 11, 1, '87', 1, 2, 36, 6, NULL),
(1002, 11, 1, '86', 1, 2, 36, 5, NULL),
(1003, 11, 1, '85', 1, 2, 36, 4, NULL),
(1004, 11, 1, '64', 1, 2, 36, 3, NULL),
(1005, 11, 1, '63', 1, 2, 36, 2, NULL),
(1006, 11, 1, '62', 1, 2, 36, 1, NULL),
(1007, 11, 1, '97', 1, 2, 34, 8, NULL),
(1008, 11, 1, '96', 1, 2, 34, 7, NULL),
(1009, 11, 1, '95', 1, 2, 34, 6, NULL),
(1010, 11, 1, '94', 1, 2, 34, 5, NULL),
(1011, 11, 1, '93', 1, 2, 34, 4, NULL),
(1012, 11, 1, '92', 1, 2, 34, 3, NULL),
(1013, 11, 1, '91', 1, 2, 34, 2, NULL),
(1014, 11, 1, '90', 1, 2, 34, 1, NULL),
(1015, 11, 1, 'A5', 1, 2, 32, 8, NULL),
(1016, 11, 1, 'A4', 1, 2, 32, 7, NULL),
(1017, 11, 1, 'A3', 1, 2, 32, 6, NULL),
(1018, 11, 1, 'A2', 1, 2, 32, 5, NULL),
(1019, 11, 1, 'A1', 1, 2, 32, 4, NULL),
(1020, 11, 1, 'A0', 1, 2, 32, 3, NULL),
(1021, 11, 1, '99', 1, 2, 32, 2, NULL),
(1022, 11, 1, '98', 1, 2, 32, 1, NULL),
(1023, 11, 2, 'C7', 1, 2, 30, 8, NULL),
(1024, 11, 2, 'C6', 1, 2, 30, 7, NULL),
(1025, 11, 2, 'B3', 1, 2, 30, 6, NULL),
(1026, 11, 2, 'B2', 1, 2, 30, 5, NULL),
(1027, 11, 2, 'B0', 1, 2, 30, 4, NULL),
(1028, 11, 1, 'A9', 1, 2, 30, 3, NULL),
(1029, 11, 1, 'A7', 1, 2, 30, 2, NULL),
(1030, 11, 1, 'A6', 1, 2, 30, 1, NULL),
(1031, 11, 2, 'F3', 1, 2, 28, 8, NULL),
(1032, 11, 2, 'F1', 1, 2, 28, 7, NULL),
(1033, 11, 2, 'F0', 1, 2, 28, 6, NULL),
(1034, 11, 2, 'E0', 1, 2, 28, 5, NULL),
(1035, 11, 2, 'C5', 1, 2, 28, 4, NULL),
(1036, 11, 2, 'G4', 1, 2, 28, 3, NULL),
(1037, 11, 2, 'C3', 1, 2, 28, 2, NULL),
(1038, 11, 2, 'C2', 1, 2, 28, 1, NULL),
(1039, 11, 2, 'F5', 1, 2, 26, 8, NULL),
(1040, 11, 2, 'F4', 1, 2, 26, 7, NULL),
(1041, 11, 2, 'E8', 1, 2, 26, 6, NULL),
(1042, 11, 2, 'E7', 1, 2, 26, 5, NULL),
(1043, 11, 2, 'E0', 1, 2, 26, 4, NULL),
(1044, 11, 2, 'D9', 1, 2, 26, 3, NULL),
(1045, 11, 2, 'D8', 1, 2, 26, 2, NULL),
(1046, 11, 2, 'D7', 1, 2, 26, 1, NULL),
(1047, 11, 2, 'F6', 1, 2, 24, 1, NULL),
(1048, 11, 1, '33', 1, 1, 39, 8, NULL),
(1049, 11, 1, '26', 1, 1, 39, 7, NULL),
(1050, 11, 1, '25', 1, 1, 39, 6, NULL),
(1051, 11, 1, '24', 1, 1, 39, 5, NULL),
(1052, 11, 1, '19', 1, 1, 39, 4, NULL),
(1053, 11, 1, '18', 1, 1, 39, 3, NULL),
(1054, 11, 1, '17', 1, 1, 39, 2, NULL),
(1055, 11, 1, '14', 1, 1, 39, 1, NULL),
(1056, 11, 1, '13', 1, 1, 37, 8, NULL),
(1057, 11, 1, '09', 1, 1, 37, 7, NULL),
(1058, 11, 1, '08', 1, 1, 37, 6, NULL),
(1059, 11, 1, '06', 1, 1, 37, 5, NULL),
(1060, 11, 1, '05', 1, 1, 37, 4, NULL),
(1061, 11, 1, '04', 1, 1, 37, 3, NULL),
(1062, 11, 1, '03', 1, 1, 37, 2, NULL),
(1063, 11, 1, '02', 1, 1, 37, 1, NULL),
(1064, 11, 2, 'C1', 1, 1, 35, 8, NULL),
(1065, 11, 2, 'C0', 1, 1, 35, 7, NULL),
(1066, 11, 2, 'M8', 1, 1, 15, 3, NULL),
(1067, 11, 2, 'M7', 1, 1, 15, 2, NULL),
(1068, 11, 2, 'M6', 1, 1, 15, 1, NULL),
(1069, 11, 2, 'K1', 1, 1, 7, 8, NULL),
(1070, 11, 2, 'K0', 1, 1, 7, 7, NULL),
(1071, 11, 2, 'J9', 1, 1, 7, 6, NULL),
(1072, 11, 2, 'J8', 1, 1, 7, 5, NULL),
(1073, 11, 2, 'J7', 1, 1, 7, 4, NULL),
(1074, 11, 2, 'J6', 1, 1, 7, 3, NULL),
(1075, 11, 2, 'J5', 1, 1, 7, 2, NULL),
(1076, 11, 2, 'J4', 1, 1, 7, 1, NULL),
(1077, 11, 2, 'h3', 1, 1, 3, 8, NULL),
(1078, 11, 2, 'h3', 1, 1, 3, 7, NULL),
(1079, 11, 2, 'H1', 1, 1, 3, 6, NULL),
(1080, 11, 2, 'H0', 1, 1, 3, 5, NULL),
(1081, 11, 2, 'G9', 1, 1, 3, 4, NULL),
(1082, 11, 2, 'G8', 1, 1, 3, 3, NULL),
(1083, 11, 2, 'G7', 1, 1, 3, 2, NULL),
(1084, 11, 2, 'G6', 1, 1, 3, 1, NULL),
(1085, 11, 2, 'G5', 1, 1, 1, 8, NULL),
(1086, 11, 2, 'G4', 1, 1, 1, 7, NULL),
(1087, 11, 2, 'G3', 1, 1, 1, 6, NULL),
(1088, 11, 2, 'G2', 1, 1, 1, 5, NULL),
(1089, 11, 2, 'G1', 1, 1, 1, 4, NULL),
(1090, 11, 2, 'G0', 1, 1, 1, 3, NULL),
(1091, 11, 2, 'F9', 1, 1, 1, 2, NULL),
(1092, 11, 2, 'F8', 1, 1, 1, 1, NULL),
(1093, 12, 2, 'I5', 2, 1, 10, 8, NULL),
(1094, 12, 2, 'I4', 2, 1, 10, 7, NULL),
(1095, 12, 2, 'I3', 2, 1, 10, 6, NULL),
(1096, 12, 2, 'I2', 2, 1, 10, 5, NULL),
(1097, 12, 2, 'I1', 2, 1, 10, 4, NULL),
(1098, 12, 2, 'I0', 2, 1, 10, 3, NULL),
(1099, 12, 2, 'H9', 2, 1, 10, 2, NULL),
(1100, 12, 2, 'H8', 2, 1, 10, 1, NULL),
(1101, 12, 2, 'H7', 2, 1, 8, 8, NULL),
(1102, 12, 2, 'H6', 2, 1, 8, 7, NULL),
(1103, 12, 2, 'H5', 2, 1, 8, 6, NULL),
(1104, 12, 2, 'H4', 2, 1, 8, 5, NULL),
(1105, 12, 2, 'H3', 2, 1, 8, 4, NULL),
(1106, 12, 2, 'H2', 2, 1, 8, 3, NULL),
(1107, 12, 2, 'H1', 2, 1, 8, 2, NULL),
(1108, 12, 2, 'H0', 2, 1, 8, 1, NULL),
(1109, 12, 2, 'G7', 2, 1, 7, 8, NULL),
(1110, 12, 2, 'G6', 2, 1, 7, 7, NULL),
(1111, 12, 2, 'G5', 2, 1, 7, 6, NULL),
(1112, 12, 2, 'G4', 2, 1, 7, 5, NULL),
(1113, 12, 2, 'G3', 2, 1, 7, 4, NULL),
(1114, 12, 2, 'G2', 2, 1, 7, 3, NULL),
(1115, 12, 2, 'G1', 2, 1, 7, 2, NULL),
(1116, 12, 2, 'G0', 2, 1, 7, 1, NULL),
(1117, 12, 2, 'F7', 1, 2, 7, 8, NULL),
(1118, 12, 2, 'F6', 1, 2, 7, 7, NULL),
(1119, 12, 2, 'F4', 1, 2, 7, 6, NULL),
(1120, 12, 2, 'F3', 1, 2, 7, 5, NULL),
(1121, 12, 2, 'E6', 1, 2, 7, 4, NULL),
(1122, 12, 2, 'E5', 1, 2, 7, 3, NULL),
(1123, 12, 2, 'C9', 1, 2, 7, 2, NULL),
(1124, 12, 2, 'C8', 1, 2, 7, 1, NULL),
(1125, 12, 2, 'C7', 1, 2, 6, 8, NULL),
(1126, 12, 2, 'C6', 1, 2, 6, 7, NULL),
(1127, 12, 2, 'C5', 1, 2, 6, 6, NULL),
(1128, 12, 2, 'C4', 1, 2, 6, 5, NULL),
(1129, 12, 2, 'C3', 1, 2, 6, 4, NULL),
(1130, 12, 2, 'C2', 1, 2, 6, 3, NULL),
(1131, 12, 1, 'C1', 1, 2, 6, 2, NULL),
(1132, 12, 1, 'C0', 1, 2, 6, 1, NULL),
(1133, 12, 1, 'B9', 1, 2, 5, 8, NULL),
(1134, 12, 1, 'B8', 1, 2, 5, 7, NULL),
(1135, 12, 1, 'B7', 1, 2, 5, 6, NULL),
(1136, 12, 1, 'B6', 1, 2, 5, 5, NULL),
(1137, 12, 1, 'B5', 1, 2, 5, 4, NULL),
(1138, 12, 1, 'B4', 1, 2, 5, 3, NULL),
(1139, 12, 1, 'B3', 1, 2, 5, 2, NULL),
(1140, 12, 1, 'B2', 1, 2, 5, 1, NULL),
(1141, 12, 1, 'B1', 1, 2, 4, 8, NULL),
(1142, 12, 1, 'B0', 1, 2, 4, 7, NULL),
(1143, 12, 1, 'A9', 1, 2, 4, 6, NULL),
(1144, 12, 1, 'A8', 1, 2, 4, 5, NULL),
(1145, 12, 1, 'A7', 1, 2, 4, 4, NULL),
(1146, 12, 1, 'A6', 1, 2, 4, 3, NULL),
(1147, 12, 1, 'A5', 1, 2, 4, 2, NULL),
(1148, 12, 1, 'A4', 1, 2, 4, 1, NULL),
(1149, 12, 2, 'F9', 1, 2, 3, 6, NULL),
(1150, 12, 2, 'F8', 1, 2, 3, 5, NULL),
(1151, 12, 3, '91', 1, 2, 3, 4, NULL),
(1152, 12, 3, '90', 1, 2, 3, 3, NULL),
(1153, 12, 3, '89', 1, 2, 3, 2, NULL),
(1154, 12, 3, '88', 1, 2, 3, 1, NULL),
(1155, 12, 3, '87', 1, 2, 2, 8, NULL),
(1156, 12, 3, '86', 1, 2, 2, 7, NULL),
(1157, 12, 3, '85', 1, 2, 2, 6, NULL),
(1158, 12, 3, '84', 1, 2, 2, 5, NULL),
(1159, 12, 3, '83', 1, 2, 2, 4, NULL),
(1160, 12, 3, '82', 1, 2, 2, 3, NULL),
(1161, 12, 3, '81', 1, 2, 2, 2, NULL),
(1162, 12, 3, '80', 1, 2, 2, 1, NULL),
(1163, 12, 1, 'A3', 1, 1, 9, 8, NULL),
(1164, 12, 1, 'A2', 1, 1, 9, 7, NULL),
(1165, 12, 1, '75', 1, 1, 9, 6, NULL),
(1166, 12, 1, '74', 1, 1, 9, 5, NULL),
(1167, 12, 1, '73', 1, 1, 9, 4, NULL),
(1168, 12, 1, '59', 1, 1, 9, 3, NULL),
(1169, 12, 1, '58', 1, 1, 9, 2, NULL),
(1170, 12, 1, '57', 1, 1, 9, 1, NULL),
(1171, 12, 1, '56', 1, 1, 6, 8, NULL),
(1172, 12, 1, '55', 1, 1, 6, 7, NULL),
(1173, 12, 1, '54', 1, 1, 6, 6, NULL),
(1174, 12, 1, '39', 1, 1, 6, 5, NULL),
(1175, 12, 1, '38', 1, 1, 6, 4, NULL),
(1176, 12, 1, '37', 1, 1, 6, 3, NULL),
(1177, 12, 1, '32', 1, 1, 6, 2, NULL),
(1178, 12, 1, '31', 1, 1, 6, 1, NULL),
(1179, 12, 1, '30', 1, 1, 3, 8, NULL),
(1180, 12, 1, '25', 1, 1, 3, 7, NULL),
(1181, 12, 1, '24', 1, 1, 3, 6, NULL),
(1182, 12, 1, '23', 1, 1, 3, 5, NULL),
(1183, 12, 1, '22', 1, 1, 3, 4, NULL),
(1184, 12, 1, '21', 1, 1, 3, 3, NULL),
(1185, 12, 1, '20', 1, 1, 3, 2, NULL),
(1186, 12, 1, '17', 1, 1, 3, 1, NULL),
(1187, 12, 1, '16', 1, 1, 2, 8, NULL),
(1188, 12, 1, '09', 1, 1, 2, 7, NULL),
(1189, 12, 1, '08', 1, 1, 2, 6, NULL),
(1190, 12, 1, '06', 1, 1, 2, 5, NULL),
(1191, 12, 1, '05', 1, 1, 2, 4, NULL),
(1192, 12, 1, '04', 1, 1, 2, 3, NULL),
(1193, 12, 1, '03', 1, 1, 2, 2, NULL),
(1194, 12, 1, '02', 1, 1, 2, 1, NULL),
(1195, 13, 2, 'R0', 2, 1, 15, 8, NULL),
(1196, 13, 2, 'Q9', 2, 1, 15, 7, NULL),
(1197, 13, 2, 'Q8', 2, 1, 15, 6, NULL),
(1198, 13, 2, 'Q7', 2, 1, 15, 5, NULL),
(1199, 13, 2, 'Q6', 2, 1, 15, 4, NULL),
(1200, 13, 2, 'Q5', 2, 1, 15, 3, NULL),
(1201, 13, 2, 'Q4', 2, 1, 15, 2, NULL),
(1202, 13, 2, 'Q3', 2, 1, 15, 1, NULL),
(1203, 13, 2, 'Q2', 2, 1, 13, 8, NULL),
(1204, 13, 2, 'Q1', 2, 1, 13, 7, NULL),
(1205, 13, 2, 'P2', 2, 1, 13, 2, NULL),
(1206, 13, 2, 'P1', 2, 1, 13, 1, NULL),
(1207, 13, 2, 'P0', 2, 1, 11, 8, NULL),
(1208, 13, 2, 'N9', 2, 1, 11, 7, NULL),
(1209, 13, 2, 'N7', 2, 1, 11, 6, NULL),
(1210, 13, 2, 'N6', 2, 1, 11, 5, NULL),
(1211, 13, 2, 'N5', 2, 1, 11, 4, NULL),
(1212, 13, 2, 'N4', 2, 1, 11, 3, NULL),
(1213, 13, 2, 'N3', 2, 1, 11, 2, NULL),
(1214, 13, 2, 'N2', 2, 1, 11, 1, NULL),
(1215, 13, 2, 'N1', 2, 1, 9, 8, NULL),
(1216, 13, 2, 'N0', 2, 1, 9, 7, NULL),
(1217, 13, 2, 'M9', 2, 1, 9, 6, NULL),
(1218, 13, 2, 'M8', 2, 1, 9, 5, NULL),
(1219, 13, 2, 'M7', 2, 1, 9, 4, NULL),
(1220, 13, 2, 'M4', 2, 1, 9, 3, NULL),
(1221, 13, 2, 'M3', 2, 1, 9, 2, NULL),
(1222, 13, 2, 'M2', 2, 1, 9, 1, NULL),
(1223, 13, 2, 'M1', 2, 1, 5, 8, NULL),
(1224, 13, 2, 'M0', 2, 1, 5, 7, NULL),
(1225, 13, 2, 'L9', 2, 1, 5, 6, NULL),
(1226, 13, 2, 'L8', 2, 1, 5, 5, NULL),
(1227, 13, 2, 'L7', 2, 1, 5, 4, NULL),
(1228, 13, 2, 'L6', 2, 1, 5, 3, NULL),
(1229, 13, 2, 'J8', 2, 1, 5, 2, NULL),
(1230, 13, 2, 'EG', 2, 1, 5, 1, NULL),
(1231, 13, 1, '82', 1, 2, 3, 8, NULL),
(1232, 13, 1, '81', 1, 2, 3, 7, NULL),
(1233, 13, 1, '67', 1, 2, 3, 6, NULL),
(1234, 13, 1, '66', 1, 2, 3, 5, NULL),
(1235, 13, 1, '65', 1, 2, 3, 4, NULL),
(1236, 13, 1, '64', 1, 2, 3, 3, NULL),
(1237, 13, 1, '63', 1, 2, 3, 2, NULL),
(1238, 13, 1, '62', 1, 2, 3, 1, NULL),
(1239, 13, 2, 'L0', 1, 1, 25, 8, NULL),
(1240, 13, 2, 'K9', 1, 1, 25, 7, NULL),
(1241, 13, 2, 'K8', 1, 1, 25, 6, NULL),
(1242, 13, 2, 'K7', 1, 1, 25, 5, NULL),
(1243, 13, 2, 'K6', 1, 1, 25, 4, NULL),
(1244, 13, 2, 'K1', 1, 1, 25, 3, NULL),
(1245, 13, 2, 'K0', 1, 1, 25, 2, NULL),
(1246, 13, 2, 'J9', 1, 1, 25, 1, NULL),
(1247, 13, 2, 'K4', 1, 1, 20, 5, NULL),
(1248, 13, 2, 'K3', 1, 1, 20, 4, NULL),
(1249, 13, 2, 'K2', 1, 1, 20, 3, NULL),
(1250, 13, 2, 'G2', 1, 1, 20, 2, NULL),
(1251, 13, 2, 'G1', 1, 1, 20, 1, NULL),
(1252, 13, 1, 'F4', 1, 1, 19, 8, NULL),
(1253, 13, 1, 'F3', 1, 1, 19, 7, NULL),
(1254, 13, 1, 'F2', 1, 1, 19, 6, NULL),
(1255, 13, 1, 'F1', 1, 1, 19, 5, NULL),
(1256, 13, 1, 'E0', 1, 1, 19, 4, NULL),
(1257, 13, 1, 'E9', 1, 1, 19, 3, NULL),
(1258, 13, 1, 'E5', 1, 1, 19, 2, NULL),
(1259, 13, 1, 'NX', 1, 1, 19, 1, NULL),
(1260, 13, 1, 'F8', 1, 1, 18, 8, NULL),
(1261, 13, 1, 'E7', 1, 1, 18, 7, NULL),
(1262, 13, 1, 'E6', 1, 1, 18, 6, NULL),
(1263, 13, 1, 'E1', 1, 1, 18, 5, NULL),
(1264, 13, 1, 'E0', 1, 1, 18, 4, NULL),
(1265, 13, 1, 'D9', 1, 1, 18, 3, NULL),
(1266, 13, 1, 'D8', 1, 1, 18, 2, NULL),
(1267, 13, 1, 'D7', 1, 1, 18, 1, NULL),
(1268, 13, 1, 'E3', 1, 1, 17, 8, NULL),
(1269, 13, 1, 'E2', 1, 1, 17, 7, NULL),
(1270, 13, 1, 'D4', 1, 1, 17, 6, NULL),
(1271, 13, 1, 'D3', 1, 1, 17, 5, NULL),
(1272, 13, 1, 'D2', 1, 1, 17, 4, NULL),
(1273, 13, 1, 'D1', 1, 1, 17, 3, NULL),
(1274, 13, 1, 'D0', 1, 1, 17, 2, NULL),
(1275, 13, 1, 'C9', 1, 1, 17, 1, NULL),
(1276, 13, 1, 'C7', 1, 1, 16, 8, NULL),
(1277, 13, 1, 'C6', 1, 1, 16, 7, NULL),
(1278, 13, 1, 'C5', 1, 1, 16, 6, NULL),
(1279, 13, 1, 'C4', 1, 1, 16, 5, NULL),
(1280, 13, 1, 'C3', 1, 1, 16, 4, NULL),
(1281, 13, 1, 'C2', 1, 1, 16, 3, NULL),
(1282, 13, 1, 'C1', 1, 1, 16, 2, NULL),
(1283, 13, 1, 'C0', 1, 1, 16, 1, NULL),
(1284, 13, 2, 'G0', 1, 1, 12, 8, NULL),
(1285, 13, 2, 'F7', 1, 1, 12, 7, NULL),
(1286, 13, 2, 'F6', 1, 1, 12, 6, NULL),
(1287, 13, 2, 'F7', 1, 1, 12, 5, NULL),
(1288, 13, 3, 'B1', 1, 1, 12, 4, NULL),
(1289, 13, 3, 'B0', 1, 1, 12, 3, NULL),
(1290, 13, 3, 'A9', 1, 1, 12, 2, NULL),
(1291, 13, 3, 'EL', 1, 1, 12, 1, NULL),
(1292, 13, 1, 'B9', 1, 1, 11, 8, NULL),
(1293, 13, 1, 'B8', 1, 1, 11, 7, NULL),
(1294, 13, 1, 'B7', 1, 1, 11, 6, NULL),
(1295, 13, 1, 'B6', 1, 1, 11, 5, NULL),
(1296, 13, 1, 'A7', 1, 1, 11, 4, NULL),
(1297, 13, 1, 'A6', 1, 1, 11, 3, NULL),
(1298, 13, 1, 'A5', 1, 1, 11, 2, NULL),
(1299, 13, 1, '83', 1, 1, 11, 1, NULL),
(1300, 13, 2, 'F9', 1, 1, 8, 8, 1),
(1301, 13, 2, 'F8', 1, 1, 8, 7, 1),
(1302, 13, 1, '51', 1, 1, 6, 8, 1),
(1303, 13, 1, '50', 1, 1, 6, 7, 1),
(1304, 13, 1, '42', 1, 1, 6, 6, 1),
(1305, 13, 1, '41', 1, 1, 6, 5, 1),
(1306, 13, 1, '40', 1, 1, 6, 4, 1),
(1307, 13, 1, '35', 1, 1, 6, 3, 1),
(1308, 13, 1, '34', 1, 1, 6, 2, 1),
(1309, 13, 1, '33', 1, 1, 6, 1, 1),
(1310, 13, 1, '49', 1, 1, 3, 8, 1),
(1311, 13, 1, '23', 1, 1, 3, 7, 1),
(1312, 13, 1, '22', 1, 1, 3, 6, 1),
(1313, 13, 1, '21', 1, 1, 3, 5, 1),
(1314, 13, 1, '20', 1, 1, 3, 4, 1),
(1315, 13, 1, '19', 1, 1, 3, 3, 1),
(1316, 13, 1, '12', 1, 1, 3, 2, 1),
(1317, 13, 1, '11', 1, 1, 3, 1, 1),
(1318, 13, 1, '10', 1, 1, 2, 8, 1),
(1319, 13, 1, '09', 1, 1, 2, 7, 1),
(1320, 13, 1, '07', 1, 1, 2, 6, 1),
(1321, 13, 1, '06', 1, 1, 2, 5, 1),
(1322, 13, 1, '05', 1, 1, 2, 4, 2),
(1323, 13, 1, '04', 1, 1, 2, 3, 1),
(1324, 13, 1, '03', 1, 1, 2, 2, 1),
(1325, 13, 1, '02', 1, 1, 2, 1, 1),
(1326, 14, 2, 'L0', 1, 1, 29, 7, NULL),
(1327, 14, 2, 'K9', 1, 1, 29, 6, NULL),
(1328, 14, 2, 'K8', 1, 1, 29, 5, NULL),
(1329, 14, 2, 'K7', 1, 1, 29, 4, NULL),
(1330, 14, 2, 'K6', 1, 1, 29, 3, NULL),
(1331, 14, 2, 'J5', 1, 1, 29, 2, NULL),
(1332, 14, 2, 'J4', 1, 1, 29, 1, NULL),
(1333, 14, 2, 'J3', 1, 1, 28, 8, NULL),
(1334, 14, 2, 'J2', 1, 1, 28, 7, NULL),
(1335, 14, 2, 'J1', 1, 1, 28, 6, NULL),
(1336, 14, 2, 'J0', 1, 1, 28, 5, NULL),
(1337, 14, 2, 'I8', 1, 1, 28, 4, NULL),
(1338, 14, 2, 'I7', 1, 1, 28, 3, NULL),
(1339, 14, 2, 'I6', 1, 1, 28, 2, NULL),
(1340, 14, 2, 'I5', 1, 1, 28, 1, NULL),
(1341, 14, 2, 'I4', 1, 1, 27, 8, NULL),
(1342, 14, 2, 'I3', 1, 1, 27, 7, NULL),
(1343, 14, 2, 'I2', 1, 1, 27, 6, NULL),
(1344, 14, 2, 'I0', 1, 1, 27, 5, NULL),
(1345, 14, 2, 'H9', 1, 1, 27, 4, NULL),
(1346, 14, 2, 'H7', 1, 1, 27, 3, NULL),
(1347, 14, 2, 'H6', 1, 1, 27, 2, NULL),
(1348, 14, 2, 'H5', 1, 1, 27, 1, NULL),
(1349, 14, 2, 'H4', 1, 1, 26, 8, NULL),
(1350, 14, 2, 'H3', 1, 1, 26, 7, NULL),
(1351, 14, 2, 'H2', 1, 1, 26, 6, NULL),
(1352, 14, 2, 'H1', 1, 1, 26, 5, NULL),
(1353, 14, 2, 'H0', 1, 1, 26, 4, NULL),
(1354, 14, 2, 'G9', 1, 1, 26, 3, NULL),
(1355, 14, 2, 'G8', 1, 1, 26, 2, NULL),
(1356, 14, 2, 'G6', 1, 1, 26, 1, NULL),
(1357, 14, 2, 'F8', 1, 1, 25, 8, NULL),
(1358, 14, 2, 'F7', 1, 1, 25, 7, NULL),
(1359, 14, 2, 'F6', 1, 1, 25, 6, NULL),
(1360, 14, 2, 'F5', 1, 1, 25, 5, NULL),
(1361, 14, 2, 'F4', 1, 1, 25, 4, NULL),
(1362, 14, 2, 'F3', 1, 1, 25, 3, NULL),
(1363, 14, 2, 'F2', 1, 1, 25, 2, NULL),
(1364, 14, 2, 'F1', 1, 1, 25, 1, NULL),
(1365, 14, 2, 'L2', 1, 1, 24, 8, NULL),
(1366, 14, 2, 'L1', 1, 1, 24, 7, NULL),
(1367, 14, 2, 'K5', 1, 1, 24, 6, NULL),
(1368, 14, 2, 'G5', 1, 1, 24, 5, NULL),
(1369, 14, 2, 'G4', 1, 1, 24, 4, NULL),
(1370, 14, 2, 'G3', 1, 1, 24, 3, NULL),
(1371, 14, 2, 'G2', 1, 1, 24, 2, NULL),
(1372, 14, 2, 'E8', 1, 1, 24, 1, NULL),
(1373, 14, 2, 'P2', 1, 1, 21, 8, NULL),
(1374, 14, 2, 'P1', 1, 1, 21, 7, NULL),
(1375, 14, 2, 'P0', 1, 1, 21, 6, NULL),
(1376, 14, 2, 'N9', 1, 1, 21, 5, NULL),
(1377, 14, 2, 'M8', 1, 1, 21, 4, NULL),
(1378, 14, 2, 'M7', 1, 1, 21, 3, NULL),
(1379, 14, 2, 'M6', 1, 1, 21, 2, NULL),
(1380, 14, 2, 'F0', 1, 1, 18, 8, NULL),
(1381, 14, 2, 'E9', 1, 1, 18, 7, NULL),
(1382, 14, 2, 'D6', 1, 1, 18, 6, NULL),
(1383, 14, 2, 'D5', 1, 1, 18, 5, NULL),
(1384, 14, 2, 'C8', 1, 1, 18, 4, NULL),
(1385, 14, 2, 'C7', 1, 1, 18, 3, NULL),
(1386, 14, 2, 'C5', 1, 1, 18, 2, NULL),
(1387, 14, 2, 'C4', 1, 1, 18, 1, NULL),
(1388, 14, 1, 'C3', 1, 1, 17, 8, NULL),
(1389, 14, 1, 'C2', 1, 1, 17, 7, NULL),
(1390, 14, 1, 'C1', 1, 1, 17, 6, NULL),
(1391, 14, 1, 'C0', 1, 1, 17, 5, NULL),
(1392, 14, 1, 'B9', 1, 1, 17, 4, NULL),
(1393, 14, 1, 'B8', 1, 1, 17, 3, NULL),
(1394, 14, 1, 'B7', 1, 1, 17, 2, NULL),
(1395, 14, 1, 'B6', 1, 1, 17, 1, NULL),
(1396, 14, 1, 'B5', 1, 1, 16, 8, NULL),
(1397, 14, 1, 'B4', 1, 1, 16, 7, NULL),
(1398, 14, 1, 'B3', 1, 1, 16, 6, NULL),
(1399, 14, 1, 'B2', 1, 1, 16, 5, NULL),
(1400, 14, 1, 'B1', 1, 1, 16, 4, NULL),
(1401, 14, 1, 'B0', 1, 1, 16, 3, NULL),
(1402, 14, 1, 'A9', 1, 1, 16, 2, NULL),
(1403, 14, 1, 'A8', 1, 1, 16, 1, NULL),
(1404, 14, 1, 'A7', 1, 1, 15, 8, NULL),
(1405, 14, 1, 'A6', 1, 1, 15, 7, NULL),
(1406, 14, 1, 'A5', 1, 1, 15, 6, NULL),
(1407, 14, 1, 'A4', 1, 1, 15, 5, NULL),
(1408, 14, 1, 'A3', 1, 1, 15, 4, NULL),
(1409, 14, 1, 'A2', 1, 1, 15, 3, NULL),
(1410, 14, 1, 'A1', 1, 1, 15, 2, NULL),
(1411, 14, 1, 'A0', 1, 1, 15, 1, NULL),
(1412, 14, 3, '75', 1, 1, 11, 8, NULL),
(1413, 14, 3, '74', 1, 1, 11, 7, NULL),
(1414, 14, 3, '73', 1, 1, 11, 6, NULL),
(1415, 14, 3, '72', 1, 1, 11, 5, NULL),
(1416, 14, 3, '71', 1, 1, 11, 4, NULL),
(1417, 14, 3, '70', 1, 1, 11, 3, NULL),
(1418, 14, 3, '69', 1, 1, 11, 2, NULL),
(1419, 14, 3, '68', 1, 1, 11, 1, NULL),
(1420, 14, 1, '99', 1, 1, 9, 8, NULL),
(1421, 14, 1, '98', 1, 1, 9, 7, NULL),
(1422, 14, 1, '86', 1, 1, 9, 6, NULL),
(1423, 14, 1, '85', 1, 1, 9, 5, NULL),
(1424, 14, 1, '84', 1, 1, 9, 4, NULL),
(1425, 14, 1, '57', 1, 1, 9, 3, NULL),
(1426, 14, 1, '56', 1, 1, 9, 2, NULL),
(1427, 14, 1, '55', 1, 1, 9, 1, NULL),
(1428, 14, 2, 'G1', 1, 1, 7, 8, NULL),
(1429, 14, 2, 'G0', 1, 1, 7, 7, NULL),
(1430, 14, 5, '45', 1, 1, 7, 6, NULL),
(1431, 14, 5, '44', 1, 1, 7, 5, NULL),
(1432, 14, 5, '43', 1, 1, 7, 4, NULL),
(1433, 14, 5, '42', 1, 1, 7, 3, NULL),
(1434, 14, 5, '41', 1, 1, 7, 2, NULL),
(1435, 14, 5, '40', 1, 1, 7, 1, NULL),
(1436, 14, 1, '52', 1, 1, 6, 8, NULL),
(1437, 14, 1, '51', 1, 1, 6, 7, NULL),
(1438, 14, 1, '50', 1, 1, 6, 6, NULL),
(1439, 14, 1, '39', 1, 1, 6, 5, NULL),
(1440, 14, 1, '38', 1, 1, 6, 4, NULL),
(1441, 14, 1, '37', 1, 1, 6, 3, NULL),
(1442, 14, 1, '31', 1, 1, 6, 2, NULL),
(1443, 14, 1, '30', 1, 1, 6, 1, NULL),
(1444, 14, 1, '29', 1, 1, 3, 8, NULL),
(1445, 14, 1, '24', 1, 1, 3, 7, NULL),
(1446, 14, 1, '23', 1, 1, 3, 6, NULL),
(1447, 14, 1, '22', 1, 1, 3, 5, NULL),
(1448, 14, 1, '21', 1, 1, 3, 4, NULL),
(1449, 14, 1, '20', 1, 1, 3, 3, NULL),
(1450, 14, 1, '19', 1, 1, 3, 2, NULL),
(1451, 14, 1, '17', 1, 1, 3, 1, NULL),
(1452, 14, 1, '16', 1, 1, 2, 8, NULL),
(1453, 14, 1, '15', 1, 1, 2, 7, NULL),
(1454, 14, 1, '14', 1, 1, 2, 6, NULL),
(1455, 14, 1, '06', 1, 1, 2, 5, NULL),
(1456, 14, 1, '05', 1, 1, 2, 4, 2),
(1457, 14, 1, '04', 1, 1, 2, 3, 2),
(1458, 14, 1, '03', 1, 1, 2, 2, NULL),
(1459, 14, 1, '02', 1, 1, 2, 1, NULL),
(1460, 15, 2, '80', 2, 1, 9, 8, NULL),
(1461, 15, 2, '79', 2, 1, 9, 7, NULL),
(1462, 15, 2, '75', 2, 1, 9, 6, NULL),
(1463, 15, 2, '74', 2, 1, 9, 5, NULL),
(1464, 15, 2, '72', 2, 1, 9, 4, NULL),
(1465, 15, 2, '71', 2, 1, 9, 3, NULL),
(1466, 15, 2, '70', 2, 1, 9, 2, NULL),
(1467, 15, 2, '69', 2, 1, 9, 1, NULL),
(1468, 15, 2, '68', 2, 1, 7, 8, NULL),
(1469, 15, 2, '67', 2, 1, 7, 7, NULL),
(1470, 15, 2, '66', 2, 1, 7, 6, NULL),
(1471, 15, 2, '65', 2, 1, 7, 5, NULL),
(1472, 15, 2, '64', 2, 1, 7, 4, NULL),
(1473, 15, 2, '63', 2, 1, 7, 3, NULL),
(1474, 15, 2, '62', 2, 1, 7, 2, NULL),
(1475, 15, 2, '61', 2, 1, 7, 1, NULL),
(1476, 15, 2, '78', 2, 1, 5, 7, NULL),
(1477, 15, 2, '60', 2, 1, 5, 6, NULL),
(1478, 15, 2, '59', 2, 1, 5, 5, NULL),
(1479, 15, 2, '58', 2, 1, 5, 4, NULL),
(1480, 15, 2, '51', 2, 1, 5, 3, NULL),
(1481, 15, 2, '50', 2, 1, 5, 2, NULL),
(1482, 15, 2, '49', 2, 1, 5, 1, NULL),
(1483, 15, 2, '57', 1, 1, 7, 8, NULL),
(1484, 15, 2, '56', 1, 1, 7, 7, NULL),
(1485, 15, 2, '55', 1, 1, 7, 6, NULL),
(1486, 15, 2, '43', 1, 1, 7, 5, NULL),
(1487, 15, 1, '42', 1, 1, 7, 4, NULL),
(1488, 15, 1, '41', 1, 1, 7, 3, NULL),
(1489, 15, 1, '40', 1, 1, 7, 2, NULL),
(1490, 15, 1, '25', 1, 1, 7, 1, NULL),
(1491, 15, 1, '21', 1, 1, 4, 8, NULL),
(1492, 15, 1, '20', 1, 1, 4, 7, NULL),
(1493, 15, 1, '12', 1, 1, 4, 6, NULL),
(1494, 15, 1, '11', 1, 1, 4, 5, NULL),
(1495, 15, 1, '10', 1, 1, 4, 4, NULL),
(1496, 15, 1, '06', 1, 1, 4, 3, NULL),
(1497, 15, 1, '02', 1, 1, 4, 2, 2),
(1498, 15, 1, '01', 1, 1, 4, 1, 2),
(1499, 16, 2, 'K9', 2, 1, 5, 8, NULL),
(1500, 16, 2, 'K8', 2, 1, 5, 7, NULL),
(1501, 16, 2, 'K7', 2, 1, 5, 6, NULL),
(1502, 16, 2, 'K6', 2, 1, 5, 5, NULL),
(1503, 16, 2, 'K5', 2, 1, 5, 4, NULL),
(1504, 16, 2, 'K4', 2, 1, 5, 3, NULL),
(1505, 16, 2, 'K3', 2, 1, 5, 2, NULL),
(1506, 16, 2, 'K2', 2, 1, 5, 1, NULL),
(1507, 16, 2, 'K1', 2, 1, 3, 8, NULL),
(1508, 16, 2, 'K0', 2, 1, 3, 7, NULL),
(1509, 16, 2, 'J2', 2, 1, 3, 6, NULL),
(1510, 16, 2, 'J1', 2, 1, 3, 5, NULL),
(1511, 16, 2, 'J0', 2, 1, 3, 4, NULL),
(1512, 16, 2, 'I0', 2, 1, 3, 3, NULL),
(1513, 16, 2, 'H9', 2, 1, 3, 2, NULL),
(1514, 16, 2, 'H8', 2, 1, 3, 1, NULL),
(1515, 16, 2, 'H7', 1, 2, 27, 3, NULL),
(1516, 16, 2, 'H6', 1, 2, 27, 2, NULL),
(1517, 16, 2, 'H5', 1, 2, 27, 1, NULL),
(1518, 16, 2, 'H4', 1, 2, 25, 8, NULL),
(1519, 16, 2, 'H2', 1, 2, 25, 7, NULL),
(1520, 16, 2, 'H1', 1, 2, 25, 6, NULL),
(1521, 16, 2, 'F9', 1, 2, 25, 5, NULL),
(1522, 16, 2, 'F8', 1, 2, 25, 4, NULL),
(1523, 16, 2, 'F7', 1, 2, 25, 3, NULL),
(1524, 16, 2, 'F6', 1, 2, 25, 2, NULL),
(1525, 16, 2, 'F5', 1, 2, 25, 1, NULL),
(1526, 16, 2, 'E6', 1, 2, 23, 3, NULL),
(1527, 16, 2, 'E5', 1, 2, 23, 2, NULL),
(1528, 16, 2, 'E4', 1, 2, 23, 1, NULL),
(1529, 16, 2, 'H0', 1, 2, 19, 3, NULL),
(1530, 16, 2, 'F3', 1, 2, 19, 2, NULL),
(1531, 16, 2, 'D0', 1, 2, 19, 1, NULL),
(1532, 16, 2, 'F4', 1, 2, 17, 8, NULL),
(1533, 16, 2, 'F2', 1, 2, 17, 7, NULL),
(1534, 16, 2, 'E1', 1, 2, 17, 6, NULL),
(1535, 16, 2, 'E0', 1, 2, 17, 5, NULL),
(1536, 16, 2, 'D9', 1, 2, 17, 4, NULL),
(1537, 16, 2, 'D8', 1, 2, 17, 3, NULL),
(1538, 16, 2, 'D1', 1, 2, 17, 2, NULL),
(1539, 16, 2, 'C4', 1, 2, 13, 8, NULL),
(1540, 16, 2, 'C3', 1, 2, 13, 7, NULL),
(1541, 16, 1, 'C2', 1, 2, 13, 6, NULL),
(1542, 16, 1, 'C0', 1, 2, 13, 5, NULL),
(1543, 16, 1, 'B9', 1, 2, 13, 4, NULL),
(1544, 16, 1, 'B8', 1, 2, 13, 3, NULL),
(1545, 16, 1, 'B7', 1, 2, 13, 2, NULL),
(1546, 16, 1, 'B6', 1, 2, 13, 1, NULL),
(1547, 16, 1, 'B5', 1, 2, 11, 8, NULL),
(1548, 16, 1, 'B4', 1, 2, 11, 7, NULL),
(1549, 16, 1, 'B3', 1, 2, 11, 6, NULL),
(1550, 16, 1, 'B2', 1, 2, 11, 5, NULL),
(1551, 16, 1, 'B1', 1, 2, 11, 4, NULL),
(1552, 16, 1, 'B0', 1, 2, 11, 3, NULL),
(1553, 16, 1, 'A9', 1, 2, 11, 2, NULL),
(1554, 16, 1, 'A2', 1, 2, 11, 1, NULL),
(1555, 16, 1, 'A8', 1, 2, 9, 8, NULL),
(1556, 16, 1, 'A7', 1, 2, 9, 7, NULL),
(1557, 16, 1, 'A6', 1, 2, 9, 6, NULL),
(1558, 16, 1, 'A5', 1, 2, 9, 5, NULL),
(1559, 16, 1, 'A4', 1, 2, 9, 4, NULL),
(1560, 16, 1, 'A3', 1, 2, 9, 3, NULL),
(1561, 16, 1, '98', 1, 2, 9, 2, NULL),
(1562, 16, 1, '97', 1, 2, 9, 1, NULL),
(1563, 16, 1, '96', 1, 2, 7, 8, NULL),
(1564, 16, 1, '95', 1, 2, 7, 7, NULL),
(1565, 16, 1, '94', 1, 2, 7, 6, NULL),
(1566, 16, 1, '93', 1, 2, 7, 5, NULL),
(1567, 16, 1, '92', 1, 2, 7, 4, NULL),
(1568, 16, 1, '91', 1, 2, 7, 3, NULL),
(1569, 16, 1, '90', 1, 2, 7, 2, NULL),
(1570, 16, 1, '86', 1, 2, 7, 1, NULL),
(1571, 16, 3, '83', 1, 2, 3, 8, NULL),
(1572, 16, 3, '82', 1, 2, 3, 7, NULL),
(1573, 16, 3, '81', 1, 2, 3, 6, NULL),
(1574, 16, 3, '80', 1, 2, 3, 5, NULL),
(1575, 16, 3, '79', 1, 2, 3, 4, NULL),
(1576, 16, 3, '78', 1, 2, 3, 3, NULL),
(1577, 16, 3, '77', 1, 2, 3, 2, NULL),
(1578, 16, 3, '76', 1, 2, 3, 1, NULL),
(1579, 16, 1, '85', 1, 1, 13, 7, NULL),
(1580, 16, 1, '84', 1, 1, 13, 6, NULL),
(1581, 16, 1, '70', 1, 1, 13, 5, NULL),
(1582, 16, 1, '69', 1, 1, 13, 4, NULL),
(1583, 16, 1, '68', 1, 1, 13, 3, NULL),
(1584, 16, 1, '54', 1, 1, 13, 2, NULL),
(1585, 16, 1, '53', 1, 1, 13, 1, NULL),
(1586, 16, 2, 'E3', 1, 1, 9, 7, NULL),
(1587, 16, 5, '39', 1, 1, 9, 6, NULL),
(1588, 16, 5, '38', 1, 1, 9, 5, NULL),
(1589, 16, 5, '37', 1, 1, 9, 4, NULL),
(1590, 16, 5, '36', 1, 1, 9, 3, NULL),
(1591, 16, 5, '35', 1, 1, 9, 2, NULL),
(1592, 16, 5, '34', 1, 1, 9, 1, NULL),
(1593, 16, 1, '52', 1, 1, 6, 8, NULL),
(1594, 16, 1, '33', 1, 1, 6, 7, NULL),
(1595, 16, 1, '32', 1, 1, 6, 6, NULL),
(1596, 16, 1, '31', 1, 1, 6, 5, NULL),
(1597, 16, 1, '30', 1, 1, 6, 4, NULL),
(1598, 16, 1, '23', 1, 1, 6, 3, NULL),
(1599, 16, 1, '22', 1, 1, 6, 2, NULL),
(1600, 16, 1, '21', 1, 1, 6, 1, NULL),
(1601, 16, 1, '29', 1, 1, 5, 7, NULL),
(1602, 16, 1, '20', 1, 1, 5, 6, NULL),
(1603, 16, 1, '19', 1, 1, 5, 5, NULL),
(1604, 16, 1, '18', 1, 1, 5, 4, NULL),
(1605, 16, 1, '15', 1, 1, 5, 3, NULL),
(1606, 16, 1, '14', 1, 1, 5, 2, NULL),
(1607, 16, 1, '13', 1, 1, 5, 1, NULL),
(1608, 16, 1, '28', 1, 1, 2, 7, NULL),
(1609, 16, 1, '07', 1, 1, 2, 6, NULL),
(1610, 16, 1, '06', 1, 1, 2, 5, NULL),
(1611, 16, 1, '04', 1, 1, 2, 4, NULL),
(1612, 16, 1, '03', 1, 1, 2, 3, NULL),
(1613, 16, 1, '02', 1, 1, 2, 2, 2),
(1614, 16, 1, '01', 1, 1, 2, 1, 2),
(1615, 17, 2, 'L5', 2, 1, 15, 8, NULL),
(1616, 17, 2, 'L4', 2, 1, 15, 7, NULL),
(1617, 17, 2, 'L3', 2, 1, 15, 6, NULL),
(1618, 17, 2, 'L2', 2, 1, 15, 5, NULL),
(1619, 17, 2, 'L1', 2, 1, 15, 4, NULL),
(1620, 17, 2, 'K7', 2, 1, 15, 3, NULL),
(1621, 17, 2, 'K6', 2, 1, 15, 2, NULL),
(1622, 17, 2, 'K5', 2, 1, 15, 1, NULL),
(1623, 17, 2, 'F1', 2, 1, 9, 8, NULL),
(1624, 17, 2, 'F0', 2, 1, 9, 7, NULL),
(1625, 17, 2, 'E9', 2, 1, 9, 6, NULL),
(1626, 17, 2, 'E8', 2, 1, 9, 5, NULL),
(1627, 17, 2, 'E7', 2, 1, 9, 4, NULL),
(1628, 17, 2, 'E6', 2, 1, 9, 3, NULL),
(1629, 17, 2, 'E2', 2, 1, 9, 2, NULL),
(1630, 17, 2, 'E1', 2, 1, 9, 1, NULL),
(1631, 17, 2, 'H3', 2, 1, 7, 8, NULL),
(1632, 17, 2, 'H2', 2, 1, 7, 7, NULL),
(1633, 17, 2, 'E5', 2, 1, 7, 6, NULL),
(1634, 17, 2, 'E4', 2, 1, 7, 5, NULL),
(1635, 17, 2, 'E3', 2, 1, 7, 4, NULL),
(1636, 17, 2, 'D1', 2, 1, 7, 3, NULL),
(1637, 17, 2, 'D0', 2, 1, 7, 2, NULL),
(1638, 17, 2, 'B4', 2, 1, 7, 1, NULL),
(1639, 17, 2, 'H1', 2, 1, 5, 8, NULL),
(1640, 17, 2, 'H0', 2, 1, 5, 7, NULL),
(1641, 17, 2, 'G8', 2, 1, 5, 6, NULL),
(1642, 17, 2, 'G7', 2, 1, 5, 5, 2),
(1643, 17, 2, 'G6', 2, 1, 5, 4, 2),
(1644, 17, 2, 'G5', 2, 1, 5, 3, 2),
(1645, 17, 2, 'G2', 2, 1, 5, 2, NULL),
(1646, 17, 2, 'B3', 2, 1, 5, 1, NULL),
(1647, 17, 2, 'G1', 2, 1, 1, 8, NULL),
(1648, 17, 2, 'G0', 2, 1, 1, 7, NULL),
(1649, 17, 2, 'F9', 2, 1, 1, 6, NULL),
(1650, 17, 2, 'F8', 2, 1, 1, 5, NULL),
(1651, 17, 2, 'F7', 2, 1, 1, 4, NULL),
(1652, 17, 2, 'E0', 2, 1, 1, 3, NULL),
(1653, 17, 2, 'C8', 2, 1, 1, 2, NULL),
(1654, 17, 2, 'A4', 2, 1, 1, 1, NULL),
(1655, 17, 2, 'L0', 1, 1, 18, 6, NULL),
(1656, 17, 2, 'K9', 1, 1, 18, 5, NULL),
(1657, 17, 2, 'K8', 1, 1, 18, 4, NULL),
(1658, 17, 2, 'J8', 1, 1, 18, 3, NULL),
(1659, 17, 2, 'J7', 1, 1, 18, 2, NULL),
(1660, 17, 2, 'J6', 1, 1, 18, 1, NULL),
(1661, 17, 2, 'D9', 1, 1, 17, 8, NULL),
(1662, 17, 2, 'D8', 1, 1, 17, 7, NULL),
(1663, 17, 2, 'D7', 1, 1, 17, 6, NULL),
(1664, 17, 2, 'D6', 1, 1, 17, 5, NULL),
(1665, 17, 2, 'D5', 1, 1, 17, 4, NULL),
(1666, 17, 2, 'D4', 1, 1, 17, 3, NULL),
(1667, 17, 2, 'D3', 1, 1, 17, 2, NULL),
(1668, 17, 2, 'C9', 1, 1, 17, 1, NULL),
(1669, 17, 2, 'C7', 1, 1, 16, 8, NULL),
(1670, 17, 2, 'C6', 1, 1, 16, 7, NULL),
(1671, 17, 2, 'C2', 1, 1, 16, 6, NULL),
(1672, 17, 2, 'C1', 1, 1, 16, 5, NULL),
(1673, 17, 2, 'C0', 1, 1, 16, 4, NULL),
(1674, 17, 2, 'B9', 1, 1, 16, 3, NULL),
(1675, 17, 2, 'B8', 1, 1, 16, 2, NULL),
(1676, 17, 2, 'B7', 1, 1, 16, 1, NULL),
(1677, 17, 2, 'A2', 1, 1, 15, 6, NULL),
(1678, 17, 2, 'A1', 1, 1, 15, 5, NULL),
(1679, 17, 2, 'A0', 1, 1, 15, 4, NULL),
(1680, 17, 2, '99', 1, 1, 15, 3, NULL),
(1681, 17, 2, '98', 1, 1, 15, 2, NULL),
(1682, 17, 2, '97', 1, 1, 15, 1, NULL),
(1683, 17, 2, 'H5', 1, 1, 14, 8, NULL),
(1684, 17, 2, 'G9', 1, 1, 14, 7, NULL),
(1685, 17, 2, 'C5', 1, 1, 14, 6, NULL),
(1686, 17, 2, '94', 1, 1, 14, 5, NULL),
(1687, 17, 2, '93', 1, 1, 14, 4, NULL),
(1688, 17, 2, '92', 1, 1, 14, 3, NULL),
(1689, 17, 2, '91', 1, 1, 14, 2, NULL),
(1690, 17, 2, '88', 1, 1, 14, 1, NULL),
(1691, 17, 2, 'B6', 1, 1, 13, 8, NULL),
(1692, 17, 2, 'B5', 1, 1, 13, 7, NULL),
(1693, 17, 2, 'B4', 1, 1, 13, 6, NULL),
(1694, 17, 2, 'C3', 1, 1, 13, 5, NULL),
(1695, 17, 2, '90', 1, 1, 13, 4, NULL),
(1696, 17, 2, '89', 1, 1, 13, 3, NULL),
(1697, 17, 2, '87', 1, 1, 13, 2, NULL),
(1698, 17, 2, '86', 1, 1, 13, 1, NULL),
(1699, 17, 1, '85', 1, 1, 12, 8, NULL),
(1700, 17, 1, '84', 1, 1, 12, 7, NULL),
(1701, 17, 1, '83', 1, 1, 12, 6, NULL),
(1702, 17, 1, '82', 1, 1, 12, 5, NULL),
(1703, 17, 1, '81', 1, 1, 12, 4, NULL),
(1704, 17, 1, '80', 1, 1, 12, 3, NULL),
(1705, 17, 1, '78', 1, 1, 12, 2, NULL),
(1706, 17, 1, '77', 1, 1, 12, 1, NULL),
(1707, 17, 1, '76', 1, 1, 11, 8, NULL),
(1708, 17, 1, '75', 1, 1, 11, 7, NULL),
(1709, 17, 1, '70', 1, 1, 11, 6, NULL),
(1710, 17, 1, '69', 1, 1, 11, 5, NULL),
(1711, 17, 1, '68', 1, 1, 11, 4, NULL),
(1712, 17, 1, '67', 1, 1, 11, 3, NULL),
(1713, 17, 1, '66', 1, 1, 11, 2, NULL),
(1714, 17, 1, '65', 1, 1, 11, 1, NULL),
(1715, 17, 1, '53', 1, 1, 8, 8, NULL),
(1716, 17, 1, '52', 1, 1, 8, 7, NULL),
(1717, 17, 1, '51', 1, 1, 8, 6, NULL),
(1718, 17, 1, '47', 1, 1, 8, 5, NULL),
(1719, 17, 1, '46', 1, 1, 8, 4, NULL),
(1720, 17, 1, '45', 1, 1, 8, 3, NULL),
(1721, 17, 1, '44', 1, 1, 8, 2, NULL),
(1722, 17, 1, '43', 1, 1, 8, 1, NULL),
(1723, 17, 2, '96', 1, 1, 6, 8, NULL),
(1724, 17, 2, '95', 1, 1, 6, 7, NULL),
(1725, 17, 1, '42', 1, 1, 4, 8, NULL),
(1726, 17, 1, '27', 1, 1, 4, 7, NULL),
(1727, 17, 1, '26', 1, 1, 4, 6, NULL),
(1728, 17, 1, '25', 1, 1, 4, 5, NULL),
(1729, 17, 1, '23', 1, 1, 4, 4, NULL),
(1730, 17, 1, '22', 1, 1, 4, 3, NULL),
(1731, 17, 1, '21', 1, 1, 4, 2, NULL),
(1732, 17, 1, '16', 1, 1, 4, 1, NULL),
(1733, 17, 1, '15', 1, 1, 2, 8, NULL),
(1734, 17, 1, '14', 1, 1, 2, 7, NULL),
(1735, 17, 1, '12', 1, 1, 2, 6, NULL),
(1736, 17, 1, '06', 1, 1, 2, 5, NULL),
(1737, 17, 1, '05', 1, 1, 2, 4, NULL),
(1738, 17, 1, '04', 1, 1, 2, 3, 2),
(1739, 17, 1, '03', 1, 1, 2, 2, NULL),
(1740, 17, 1, '02', 1, 1, 2, 1, NULL),
(1741, 18, 2, 'D6', 1, 1, 35, 8, NULL),
(1742, 18, 2, 'D5', 1, 1, 35, 7, NULL),
(1743, 18, 2, 'D4', 1, 1, 35, 6, NULL),
(1744, 18, 2, 'D3', 1, 1, 35, 5, NULL),
(1745, 18, 2, 'D2', 1, 1, 35, 4, NULL),
(1746, 18, 2, 'D1', 1, 1, 35, 3, NULL),
(1747, 18, 2, 'C9', 1, 1, 35, 2, NULL),
(1748, 18, 2, 'C8', 1, 1, 35, 1, NULL),
(1749, 18, 2, 'C4', 1, 1, 31, 8, NULL),
(1750, 18, 2, 'C3', 1, 1, 31, 7, NULL),
(1751, 18, 2, 'C2', 1, 1, 31, 6, NULL),
(1752, 18, 2, 'C1', 1, 1, 31, 5, NULL),
(1753, 18, 2, 'C0', 1, 1, 31, 4, NULL),
(1754, 18, 2, 'B9', 1, 1, 31, 3, NULL),
(1755, 18, 2, 'B8', 1, 1, 31, 2, NULL),
(1756, 18, 2, 'B7', 1, 1, 31, 1, NULL),
(1757, 18, 2, 'B4', 1, 1, 29, 8, NULL),
(1758, 18, 2, 'B3', 1, 1, 29, 7, NULL),
(1759, 18, 2, 'A1', 1, 1, 29, 6, NULL),
(1760, 18, 2, 'A0', 1, 1, 29, 5, NULL),
(1761, 18, 2, '99', 1, 1, 29, 4, NULL),
(1762, 18, 2, '98', 1, 1, 29, 3, NULL),
(1763, 18, 2, '97', 1, 1, 29, 2, NULL),
(1764, 18, 2, '96', 1, 1, 29, 1, NULL),
(1765, 18, 2, '95', 1, 1, 27, 8, NULL),
(1766, 18, 2, '94', 1, 1, 27, 7, NULL),
(1767, 18, 2, '93', 1, 1, 27, 6, NULL),
(1768, 18, 2, '92', 1, 1, 27, 5, NULL),
(1769, 18, 2, '91', 1, 1, 27, 4, NULL),
(1770, 18, 2, '90', 1, 1, 27, 3, NULL),
(1771, 18, 2, '89', 1, 1, 27, 2, NULL),
(1772, 18, 2, '88', 1, 1, 27, 1, NULL),
(1773, 18, 2, '85', 1, 1, 25, 8, NULL),
(1774, 18, 2, '84', 1, 1, 25, 7, NULL),
(1775, 18, 2, '83', 1, 1, 25, 6, NULL),
(1776, 18, 2, '82', 1, 1, 25, 5, NULL),
(1777, 18, 2, '81', 1, 1, 25, 4, NULL),
(1778, 18, 2, '80', 1, 1, 25, 3, NULL),
(1779, 18, 2, '79', 1, 1, 25, 2, NULL),
(1780, 18, 2, '78', 1, 1, 25, 1, NULL),
(1781, 18, 2, '77', 1, 1, 23, 8, NULL),
(1782, 18, 2, '76', 1, 1, 23, 7, NULL),
(1783, 18, 2, '75', 1, 1, 23, 6, NULL),
(1784, 18, 2, '74', 1, 1, 23, 5, NULL),
(1785, 18, 2, '72', 1, 1, 23, 4, NULL),
(1786, 18, 2, '71', 1, 1, 23, 3, NULL),
(1787, 18, 2, '70', 1, 1, 23, 2, NULL),
(1788, 18, 2, '69', 1, 1, 23, 1, NULL),
(1789, 18, 2, 'B0', 1, 1, 19, 8, NULL),
(1790, 18, 2, 'A9', 1, 1, 19, 7, NULL),
(1791, 18, 2, 'A8', 1, 1, 19, 6, NULL),
(1792, 18, 2, 'A7', 1, 1, 19, 5, NULL),
(1793, 18, 2, 'A6', 1, 1, 19, 4, NULL),
(1794, 18, 2, 'A5', 1, 1, 19, 3, NULL),
(1795, 18, 2, '73', 1, 1, 19, 2, NULL),
(1796, 18, 2, '55', 1, 1, 19, 1, NULL),
(1797, 18, 2, '87', 1, 1, 17, 8, NULL),
(1798, 18, 2, '86', 1, 1, 17, 7, NULL),
(1799, 18, 2, '67', 1, 1, 17, 6, NULL),
(1800, 18, 2, '66', 1, 1, 17, 5, NULL),
(1801, 18, 2, '65', 1, 1, 17, 4, NULL),
(1802, 18, 2, '54', 1, 1, 17, 3, NULL),
(1803, 18, 2, '53', 1, 1, 17, 2, NULL),
(1804, 18, 2, '52', 1, 1, 17, 1, NULL),
(1805, 18, 2, '68', 1, 1, 13, 8, NULL),
(1806, 18, 2, '64', 1, 1, 13, 7, NULL),
(1807, 18, 2, '63', 1, 1, 13, 6, NULL),
(1808, 18, 2, '49', 1, 1, 13, 5, NULL),
(1809, 18, 2, '48', 1, 1, 13, 4, NULL),
(1810, 18, 2, '46', 1, 1, 13, 3, NULL),
(1811, 18, 2, '45', 1, 1, 13, 2, NULL),
(1812, 18, 2, '44', 1, 1, 13, 1, NULL),
(1813, 18, 1, '43', 1, 1, 7, 8, NULL),
(1814, 18, 1, '42', 1, 1, 7, 7, NULL),
(1815, 18, 1, '41', 1, 1, 7, 6, NULL),
(1816, 18, 1, '40', 1, 1, 7, 5, NULL),
(1817, 18, 1, '39', 1, 1, 7, 4, NULL),
(1818, 18, 1, '38', 1, 1, 7, 3, NULL),
(1819, 18, 1, '37', 1, 1, 7, 2, NULL),
(1820, 18, 1, '17', 1, 1, 7, 1, NULL),
(1821, 18, 1, '16', 1, 1, 1, 8, NULL),
(1822, 18, 1, '15', 1, 1, 1, 7, NULL),
(1823, 18, 1, '14', 1, 1, 1, 6, NULL),
(1824, 18, 1, '13', 1, 1, 1, 5, NULL),
(1825, 18, 1, '04', 1, 1, 1, 4, NULL),
(1826, 18, 1, '03', 1, 1, 1, 3, NULL),
(1827, 18, 1, '02', 1, 1, 1, 2, NULL),
(1828, 18, 1, '01', 1, 1, 1, 1, NULL),
(1829, 16, 2, 'D0', 1, 2, 17, 1, NULL),
(1830, 16, 2, 'H3', 1, 2, 19, 4, NULL),
(1831, 16, 2, 'M6', 1, 2, 19, 5, NULL),
(1832, 1, 2, 'D0', 1, 1, 23, 7, NULL),
(1833, 2, 2, 'F9', 1, 2, 25, 1, NULL),
(1834, 2, 2, 'G0', 1, 2, 25, 2, NULL),
(1835, 2, 2, 'H3', 1, 2, 25, 3, NULL),
(1836, 2, 2, 'H4', 1, 2, 25, 4, NULL),
(1837, 2, 2, 'H5', 1, 2, 25, 5, NULL),
(1838, 2, 2, 'J0', 1, 2, 25, 6, NULL),
(1839, 2, 2, 'J1', 1, 2, 25, 7, NULL),
(1840, 2, 2, 'J2', 1, 2, 25, 8, NULL),
(1841, 2, 2, 'L1', 1, 2, 29, 6, NULL),
(1842, 2, 2, 'L2', 1, 2, 29, 7, NULL),
(1843, 2, 2, 'L3', 1, 2, 29, 8, NULL),
(1844, 2, 2, 'L4', 1, 2, 31, 1, NULL),
(1845, 2, 2, 'L5', 1, 2, 31, 2, NULL),
(1846, 2, 2, 'L6', 1, 2, 31, 3, NULL),
(1847, 2, 2, 'L7', 1, 2, 31, 4, NULL),
(1848, 4, 2, 'C9', 2, 1, 29, 1, NULL),
(1849, 4, 2, 'D0', 2, 1, 29, 2, NULL),
(1850, 4, 2, 'G7', 2, 1, 29, 3, NULL),
(1851, 4, 2, 'G8', 2, 1, 29, 4, NULL),
(1852, 19, 2, 'A1', 1, 1, 2, 1, NULL),
(1853, 19, 2, 'A2', 1, 1, 2, 2, NULL),
(1854, 19, 2, 'A3', 1, 1, 2, 3, NULL),
(1855, 19, 2, 'A4', 1, 1, 2, 4, NULL),
(1856, 19, 2, 'A5', 1, 1, 2, 5, NULL),
(1857, 19, 2, 'A6', 1, 1, 2, 6, NULL),
(1858, 19, 2, 'A7', 1, 1, 2, 7, NULL),
(1859, 19, 2, 'A8', 1, 1, 2, 8, NULL),
(1860, 19, 1, 'B1', 1, 1, 4, 1, NULL),
(1861, 19, 1, 'B2', 1, 1, 4, 2, NULL),
(1862, 19, 1, 'B3', 1, 1, 4, 3, NULL),
(1863, 19, 1, 'B4', 1, 1, 4, 4, NULL),
(1864, 19, 1, 'B5', 1, 1, 4, 5, NULL),
(1865, 19, 1, 'B6', 1, 1, 4, 6, NULL),
(1866, 19, 1, 'B7', 1, 1, 4, 7, NULL),
(1867, 19, 1, 'B8', 1, 1, 4, 8, NULL),
(1868, 19, 1, '56', 1, 1, 8, 3, NULL),
(1869, 19, 1, 'G3', 1, 1, 8, 1, NULL),
(1870, 19, 1, 'G4', 1, 1, 8, 2, NULL),
(1871, 19, 1, 'G5', 1, 1, 8, 4, NULL),
(1872, 19, 1, 'G6', 1, 1, 8, 5, NULL),
(1873, 19, 2, 'V6', 1, 1, 9, 1, NULL),
(1874, 19, 2, 'V7', 1, 1, 9, 2, NULL),
(1875, 19, 2, 'V8', 1, 1, 9, 3, NULL),
(1876, 19, 2, 'V0', 1, 1, 9, 4, NULL),
(1877, 19, 2, 'V1', 1, 1, 9, 5, NULL),
(1878, 19, 2, 'V2', 1, 1, 9, 6, NULL),
(1879, 19, 2, 'V3', 1, 1, 9, 7, NULL),
(1880, 19, 2, 'V4', 1, 1, 9, 8, NULL);



--
-- Name: opts_id_seq; Type: SEQUENCE SET; Schema: public; Owner: extjaff
--

SELECT pg_catalog.setval('public.opts_id_seq', 38, true);


--
-- Name: reglettes_id_seq; Type: SEQUENCE SET; Schema: public; Owner: extjaff
--

SELECT pg_catalog.setval('public.reglettes_id_seq', 5, true);


--
-- Name: repartiteurs_id_seq; Type: SEQUENCE SET; Schema: public; Owner: extjaff
--

SELECT pg_catalog.setval('public.repartiteurs_id_seq', 21, true);


--
-- Name: tdps_id_seq; Type: SEQUENCE SET; Schema: public; Owner: extjaff
--

SELECT pg_catalog.setval('public.tdps_id_seq', 1957, true);


--
-- Name: opts opts_pkey; Type: CONSTRAINT; Schema: public; Owner: extjaff
--

ALTER TABLE ONLY public.opts
    ADD CONSTRAINT opts_pkey PRIMARY KEY (id);


--
-- Name: reglettes reglettes_pkey; Type: CONSTRAINT; Schema: public; Owner: extjaff
--

ALTER TABLE ONLY public.reglettes
    ADD CONSTRAINT reglettes_pkey PRIMARY KEY (id);


--
-- Name: repartiteurs repartiteurs_code_name_key; Type: CONSTRAINT; Schema: public; Owner: extjaff
--

ALTER TABLE ONLY public.repartiteurs
    ADD CONSTRAINT repartiteurs_code_name_key UNIQUE (code_name);


--
-- Name: repartiteurs repartiteurs_pkey; Type: CONSTRAINT; Schema: public; Owner: extjaff
--

ALTER TABLE ONLY public.repartiteurs
    ADD CONSTRAINT repartiteurs_pkey PRIMARY KEY (id);


--
-- Name: tdps tdps_pkey; Type: CONSTRAINT; Schema: public; Owner: extjaff
--

ALTER TABLE ONLY public.tdps
    ADD CONSTRAINT tdps_pkey PRIMARY KEY (id);


--
-- Name: tdps tdps_opt_opts_id; Type: FK CONSTRAINT; Schema: public; Owner: extjaff
--

ALTER TABLE ONLY public.tdps
    ADD CONSTRAINT tdps_opt_opts_id FOREIGN KEY (opts) REFERENCES public.opts(id);


--
-- Name: tdps tdps_reglette_reglettes_id; Type: FK CONSTRAINT; Schema: public; Owner: extjaff
--

ALTER TABLE ONLY public.tdps
    ADD CONSTRAINT tdps_reglette_reglettes_id FOREIGN KEY (reglette_type) REFERENCES public.reglettes(id);


--
-- Name: tdps tdps_rep_repartiteurs_id; Type: FK CONSTRAINT; Schema: public; Owner: extjaff
--

ALTER TABLE ONLY public.tdps
    ADD CONSTRAINT tdps_rep_repartiteurs_id FOREIGN KEY (rep) REFERENCES public.repartiteurs(id);


--
-- PostgreSQL database dump complete
--


--
